NAME,FIPS,avg_land_cover,YEAR
Keokuk,19107,74.82862414,2009
Winnebago,19189,77.9050777,2009
Kearny,20093,74.1031083,2009
Mitchell,20123,73.29124256,2009
Stanton,20187,76.50728398,2009
Anderson,21005,54.43764236,2009
Bullitt,21029,49.28717839,2009
Clark,21049,66.38954395,2009
Daviess,21059,64.80777402,2009
Elliott,21063,45.0212133,2009
Hardin,21093,56.6508075,2009
Harrison,21097,63.59649355,2009
Hopkins,21107,61.16568298,2009
Leslie,21131,40.78123349,2009
McCreary,21147,42.20377863,2009
Madison,21151,59.61705989,2009
Marion,21155,60.79372292,2009
Morgan,21175,45.46180124,2009
Autauga,1001,56.05849473,2009
Baldwin,1003,60.10781547,2009
Clarke,1025,55.56173486,2009
DeKalb,1049,57.16949383,2009
Fayette,1057,52.21645046,2009
Jefferson,1073,38.83884736,2009
Mobile,1097,55.18774374,2009
Montgomery,1101,61.12119746,2009
Wilcox,1131,57.8691075,2009
Fairbanks North Star,2090,,2009
Nome,2180,,2009
Southeast Fairbanks,2240,,2009
Apache,4001,49.51635215,2009
Gila,4007,47.83620826,2009
La Paz,4012,51.97366435,2009
Maricopa,4013,50.13029965,2009
Carroll,5015,55.57532274,2009
Clark,5019,53.35190431,2009
Conway,5029,58.26858305,2009
Jefferson,5069,67.13817685,2009
Lafayette,5073,58.22213035,2009
Mississippi,5093,77.39495081,2009
Phillips,5107,75.63563158,2009
Prairie,5117,74.85958646,2009
Sebastian,5131,52.69710318,2009
White,5145,65.8796811,2009
Butte,6007,57.21059134,2009
Calaveras,6009,49.85855744,2009
Colusa,6011,68.89098634,2009
El Dorado,6017,43.04371369,2009
Fresno,6019,60.67728155,2009
Humboldt,6023,45.2189751,2009
Lake,6033,48.19789386,2009
Los Angeles,6037,43.39457657,2009
Mendocino,6045,46.49273437,2009
Monterey,6053,60.19415606,2009
Santa Barbara,6083,56.31419086,2009
Sonoma,6097,50.95856981,2009
Yolo,6113,69.84887868,2009
Costilla,8023,51.23310814,2009
Eagle,8037,46.23132742,2009
Fremont,8043,49.52362549,2009
Hinsdale,8053,49.75369493,2009
Jackson,8057,54.19284307,2009
La Plata,8067,49.38801672,2009
Ouray,8091,45.05133738,2009
San Juan,8111,49.65984594,2009
New Haven,9009,36.64414293,2009
District of Columbia,11001,23.61392576,2009
Brevard,12009,55.26915206,2009
Columbia,12023,60.70710345,2009
Duval,12031,45.10142933,2009
Gilchrist,12041,64.30327391,2009
Gulf,12045,73.59652678,2009
Lee,12071,50.87771322,2009
Okeechobee,12093,70.66797085,2009
Osceola,12097,68.59155445,2009
Pinellas,12103,29.16115911,2009
Polk,12105,62.90177567,2009
Putnam,12107,52.54274058,2009
Suwannee,12121,59.88434316,2009
Taylor,12123,67.74599622,2009
Union,12125,61.98901032,2009
Appling,13001,65.98097898,2009
Baker,13007,65.51138358,2009
Brantley,13025,64.81856117,2009
Bryan,13029,61.83307979,2009
Chatham,13051,56.16194002,2009
Hall,13139,41.46140117,2009
Haralson,13143,47.39553175,2009
Houston,13153,55.68428671,2009
Mitchell,13205,66.36293574,2009
Montgomery,13209,63.45162371,2009
Muscogee,13215,39.03650515,2009
Oconee,13219,52.3243401,2009
Pierce,13229,67.21542769,2009
Talbot,13263,48.04817387,2009
Tattnall,13267,67.3016801,2009
Union,13291,43.61816035,2009
Maui,15009,,2009
Adams,16003,51.2049397,2009
Bannock,16005,54.07957804,2009
Blaine,16013,54.9334289,2009
Butte,16023,52.39458192,2009
Camas,16025,55.89449573,2009
Cassia,16031,60.1825766,2009
Clearwater,16035,44.46108293,2009
Franklin,16041,56.4986954,2009
Fremont,16043,53.01053577,2009
Idaho,16049,49.42779294,2009
Lewis,16061,66.73180349,2009
Alexander,17003,61.70283169,2009
Cass,17017,71.90905913,2009
Clinton,17027,70.67584828,2009
DuPage,17043,29.37029541,2009
McDonough,17109,72.67760465,2009
Mason,17125,72.9669166,2009
Pulaski,17153,69.82329543,2009
Allen,18003,61.12373835,2009
Gibson,18051,70.766979,2009
Harrison,18061,56.06198639,2009
Jackson,18071,62.69955203,2009
Miami,18103,69.67269102,2009
Perry,18123,49.11536019,2009
Pulaski,18131,73.76769954,2009
Wells,18179,73.73047566,2009
Cass,19029,76.95011197,2009
Goliad,48175,65.38572434,2009
Grimes,48185,68.29014733,2009
Hidalgo,48215,64.303753,2009
Houston,48225,62.56483415,2009
Irion,48235,51.83682417,2009
Kleberg,48273,68.3844077,2009
Lamar,48277,68.87308631,2009
Martin,48317,63.52083115,2009
Newton,48351,57.96332287,2009
Orange,48361,59.39347641,2009
Rains,48379,67.19927349,2009
Robertson,48395,68.95478487,2009
San Patricio,48409,72.70539229,2009
Smith,48423,59.49741434,2009
Terrell,48443,51.9096817,2009
Travis,48453,45.30334728,2009
Van Zandt,48467,70.12662715,2009
Walker,48471,57.16643158,2009
Washington,48477,71.38393519,2009
Wharton,48481,75.83611796,2009
Winkler,48495,50.46808447,2009
Wood,48499,61.34533254,2009
Beaver,49001,50.4597919,2009
Box Elder,49003,45.74684061,2009
Duchesne,49013,50.03147767,2009
Emery,49015,50.50674109,2009
Grand,49019,49.60557776,2009
Kane,49025,48.41275042,2009
Tooele,49045,43.17243643,2009
Windsor,50027,44.94359774,2009
Nicholas,21181,61.28027694,2009
Owsley,21189,43.52073111,2009
Pike,21195,41.07778854,2009
Whitley,21235,45.2490523,2009
Wolfe,21237,45.13997098,2009
Ascension,22005,66.78526325,2009
Beauregard,22011,58.52196712,2009
Bienville,22013,54.30401616,2009
Bossier,22015,57.19947913,2009
Catahoula,22025,73.11707384,2009
Concordia,22029,77.69937147,2009
LaSalle,22059,58.37470517,2009
Livingston,22063,61.66383814,2009
Natchitoches,22069,59.54007067,2009
Ouachita,22073,61.44716811,2009
Rapides,22079,60.42476625,2009
St. Landry,22097,78.61139035,2009
Vermilion,22113,75.51033024,2009
Webster,22119,54.45951323,2009
West Carroll,22123,79.46310267,2009
Sagadahoc,23023,45.53862295,2009
Waldo,23027,49.39328874,2009
Anne Arundel,24003,39.75817847,2009
Calvert,24009,44.63697034,2009
Caroline,24011,71.03567969,2009
Garrett,24023,47.2147019,2009
Harford,24025,51.95700907,2009
Howard,24027,44.41988981,2009
Washington,24043,53.93740939,2009
Barnstable,25001,34.2200557,2009
Baraga,26013,55.4868689,2009
Delta,26041,70.44027464,2009
Iron,26071,55.23432369,2009
Presque Isle,26141,66.70335268,2009
St. Clair,26147,62.61601838,2009
Wayne,26163,29.51734887,2009
Big Stone,27011,73.96294234,2009
Brown,27015,76.42181348,2009
Cass,27021,54.71794211,2009
Cook,27031,51.00181234,2009
Isanti,27059,71.13684361,2009
Kittson,27069,78.21475492,2009
Lake,27075,56.68388671,2009
St. Louis,27137,60.57924913,2009
Wright,27171,65.47041877,2009
Attala,28007,56.26370373,2009
Bolivar,28011,77.49728222,2009
Claiborne,28021,53.27726732,2009
Holmes,28051,62.88967587,2009
Newton,28101,59.71737525,2009
Warren,28149,59.85454782,2009
Washington,28151,75.61215121,2009
Yazoo,28163,67.03483605,2009
Boone,29019,58.23314952,2009
Butler,29023,65.32443192,2009
Callaway,29027,59.55898774,2009
Carroll,29033,73.26826323,2009
Chariton,29041,73.56573348,2009
Dunklin,29069,77.40617799,2009
Henry,29083,68.90729315,2009
Lincoln,29113,62.73359199,2009
Perry,29157,59.49218438,2009
Putnam,29171,67.29721617,2009
St. Louis,29189,32.3634113,2009
Stoddard,29207,74.96719363,2009
Worth,29227,71.09148093,2009
Carbon,30009,55.50604148,2009
Flathead,30029,46.70639709,2009
Lake,30047,50.5133807,2009
Lincoln,30053,43.80434991,2009
Pondera,30073,70.295848,2009
Richland,30083,70.78965861,2009
Deuel,31049,76.57477331,2009
Hooker,31091,70.53063993,2009
McPherson,31117,71.02587151,2009
Coos,33007,46.75157373,2009
Strafford,33017,46.40849589,2009
Hunterdon,34019,52.47662065,2009
Mercer,34021,46.19086165,2009
Morris,34027,42.44345475,2009
Passaic,34031,36.21669012,2009
Salem,34033,69.9569858,2009
Warren,34041,51.53820392,2009
De Baca,35011,52.35966223,2009
Luna,35029,55.38974568,2009
Mora,35033,53.38406496,2009
San Juan,35045,51.85657553,2009
Delaware,36025,46.85936453,2009
Jefferson,36045,58.98016841,2009
Livingston,36051,61.76376814,2009
Madison,36053,59.24155278,2009
Nassau,36059,26.96126013,2009
Oneida,36065,54.90642655,2009
Oswego,36075,51.94329766,2009
Otsego,36077,54.52168639,2009
Suffolk,36103,29.55456115,2009
Ashe,37009,47.84453679,2009
Bladen,37017,66.36742019,2009
Burke,37023,44.19966374,2009
Caldwell,37027,43.18681793,2009
Columbus,37047,68.10044604,2009
Hertford,37091,62.49288663,2009
Hyde,37095,73.61261745,2009
Lee,37105,47.43950223,2009
Madison,37115,44.55154882,2009
Mitchell,37121,42.34774875,2009
Pasquotank,37139,72.5872856,2009
Robeson,37155,73.73264642,2009
Sampson,37163,67.7657011,2009
Wilkes,37193,46.8753132,2009
Yancey,37199,43.27914238,2009
Ramsey,38071,69.87401987,2009
Rolette,38079,70.17655016,2009
Sioux,38085,69.61458198,2009
Traill,38097,78.5043235,2009
Williams,38105,73.40778526,2009
Fulton,39051,73.35939246,2009
Hamilton,39061,31.80322929,2009
Lucas,39095,47.29951176,2009
Ottawa,39123,67.24854486,2009
Blaine,40011,69.91998993,2009
Jackson,40065,68.76474134,2009
Le Flore,40079,53.60078903,2009
McCurtain,40089,53.2722239,2009
Pawnee,40117,58.22207175,2009
Seminole,40133,55.6775654,2009
Benton,41003,55.0129537,2009
Clatsop,41007,49.43376103,2009
Gilliam,41021,68.72527281,2009
Josephine,41033,46.17091184,2009
Klamath,41035,49.00542428,2009
Lane,41039,45.77020495,2009
Linn,41043,52.72744347,2009
Malheur,41045,57.66367856,2009
Marion,41047,56.0834892,2009
Union,41061,52.24652081,2009
Allegheny,42003,32.33906306,2009
Bucks,42017,44.92258703,2009
Cumberland,42041,54.04011904,2009
Franklin,42055,56.76582612,2009
Huntingdon,42061,46.30177737,2009
Lancaster,42071,57.79958806,2009
Northampton,42095,48.8668249,2009
Perry,42099,50.07946551,2009
Sullivan,42113,45.32327823,2009
York,42133,53.77258144,2009
Newport,44005,44.52773697,2009
Allendale,45005,66.03686374,2009
Bamberg,45009,67.86001526,2009
Colleton,45029,66.72656545,2009
Greenwood,45047,47.28269504,2009
Jasper,45053,66.51936064,2009
Pickens,45077,44.03184171,2009
Union,45087,49.05824629,2009
York,45091,46.5777077,2009
Jones,46075,72.40581746,2009
Mellette,46095,70.67500878,2009
Pennington,46103,60.47247506,2009
Sanborn,46111,79.24201949,2009
Stanley,46117,69.6001919,2009
Bedford,47003,63.10918319,2009
Cheatham,47021,48.25404783,2009
Coffee,47031,58.53772875,2009
DeKalb,47041,49.82662081,2009
Dyer,47045,74.80774823,2009
Giles,47055,57.61782336,2009
Hamilton,47065,38.43423058,2009
Humphreys,47085,47.11989789,2009
Jefferson,47089,51.40685781,2009
Monroe,47123,48.34652174,2009
Morgan,47129,44.83934726,2009
Rhea,47143,48.54091864,2009
Robertson,47147,64.49443429,2009
Tipton,47167,69.2223516,2009
Williamson,47187,51.38210398,2009
Aransas,48007,67.75573954,2009
Borden,48033,54.81183493,2009
Burleson,48051,68.60816961,2009
Childress,48075,58.12517258,2009
Ector,48135,49.10616666,2009
Ellis,48139,66.76595926,2009
El Paso,48141,47.44827491,2009
Freestone,48161,69.25185465,2009
Galveston,48167,54.35018183,2009
Lamar,13171,53.8546944,2009
Lincoln,13181,42.65091203,2009
Lowndes,13185,60.53179271,2009
McDuffie,13189,49.98804009,2009
McIntosh,13191,65.03316473,2009
Madison,13195,54.55601226,2009
Murray,13213,48.22970035,2009
Newton,13217,48.59020902,2009
Oglethorpe,13221,51.45260077,2009
Putnam,13237,46.77376528,2009
Richmond,13245,46.71331369,2009
Sumter,13261,63.70630768,2009
Taylor,13269,55.84377294,2009
Telfair,13271,63.90840669,2009
Twiggs,13289,54.90206704,2009
Washington,13303,56.77244339,2009
Wayne,13305,64.98349286,2009
Wheeler,13309,61.33206417,2009
Wilcox,13315,66.0179615,2009
Hawaii,15001,,2009
Honolulu,15003,,2009
Kauai,15007,,2009
Bear Lake,16007,53.48195282,2009
Nez Perce,16069,64.90949169,2009
Owyhee,16073,57.2722452,2009
Shoshone,16079,43.28504087,2009
Twin Falls,16083,62.64760016,2009
Cook,17031,28.70574019,2009
Bath,51017,43.33166748,2009
Botetourt,51023,46.7936594,2009
Buchanan,51027,40.91746512,2009
Chesterfield,51041,39.3742348,2009
Culpeper,51047,58.46850528,2009
Floyd,51063,52.46048055,2009
Gloucester,51073,53.04665958,2009
Isle of Wight,51093,64.00684799,2009
King and Queen,51097,54.86410989,2009
Lancaster,51103,51.96491556,2009
Loudoun,51107,55.18420316,2009
Montgomery,51121,47.67099207,2009
Prince William,51153,44.26745446,2009
Roanoke,51161,41.02682136,2009
Shenandoah,51171,51.72548419,2009
Manassas Park,51685,23.65123583,2009
Benton,53005,62.36084686,2009
Clark,53011,48.68900092,2009
Cowlitz,53015,45.73221135,2009
Douglas,53017,62.61436227,2009
Grant,53025,63.3147994,2009
Grays Harbor,53027,48.62416411,2009
King,53033,39.29841599,2009
Kittitas,53037,51.60795736,2009
Okanogan,53047,52.72778589,2009
Snohomish,53061,42.97476591,2009
Walla Walla,53071,70.21314165,2009
Braxton,54007,42.24835421,2009
Grant,54023,46.575723,2009
Harrison,54033,45.76378466,2009
Nicholas,54067,43.46574615,2009
Pendleton,54071,46.01017124,2009
Pocahontas,54075,43.71469904,2009
Raleigh,54081,41.42695107,2009
Tyler,54095,43.59893598,2009
Wyoming,54109,40.92148272,2009
Bayfield,55007,49.88533321,2009
Door,55029,68.16502658,2009
Grant,55043,64.93537682,2009
Juneau,55057,66.04321609,2009
Crook,56011,59.61824457,2009
Sublette,56035,52.95202434,2009
Eastern,60010,,2009
Swains Island,60040,,2009
Western,60050,,2009
Rota,69100,,2009
Cabo Rojo,72023,,2009
Carolina,72031,,2009
Ciales,72039,,2009
Hatillo,72065,,2009
Mayag√ºez,72097,,2009
Ponce,72113,,2009
Toa Alta,72135,,2009
Utuado,72141,,2009
St. Croix,78010,,2009
St. John,78020,,2009
Howard,5061,54.3619801,2009
Jackson,5067,76.77616018,2009
Lawrence,5075,69.74785243,2009
Little River,5081,61.20118774,2009
Lonoke,5085,73.26567208,2009
Monroe,5095,80.40491657,2009
Pike,5109,49.20838829,2009
Pulaski,5119,48.89895283,2009
Sevier,5133,57.10001237,2009
Union,5139,55.67254858,2009
Woodruff,5147,80.44402082,2009
Marin,6041,48.33926843,2009
Mariposa,6043,51.96261575,2009
Mono,6051,48.09022868,2009
Napa,6055,50.8275377,2009
Nevada,6057,43.00713504,2009
Placer,6061,44.60026681,2009
San Bernardino,6071,48.87788936,2009
San Mateo,6081,40.43792177,2009
Santa Clara,6085,46.36600284,2009
Shasta,6089,47.26001584,2009
Sierra,6091,46.30841675,2009
Stanislaus,6099,68.09746431,2009
Ventura,6111,53.22074196,2009
Yuba,6115,57.0021643,2009
Boulder,8013,49.28708087,2009
Chaffee,8015,48.26108731,2009
Denver,8031,33.57579937,2009
Elmore,1051,51.22284904,2009
Etowah,1055,50.09924808,2009
Houston,1069,65.42092772,2009
Jackson,1071,51.41582001,2009
Madison,1089,56.40919817,2009
Marshall,1095,51.81169723,2009
Monroe,1099,57.60477731,2009
Pike,1109,57.73377237,2009
Russell,1113,53.64997284,2009
Shelby,1117,46.0418609,2009
Washington,1129,61.60034662,2009
Anchorage,2020,,2009
Hoonah-Angoon,2105,,2009
Matanuska-Susitna,2170,,2009
Northwest Arctic,2188,,2009
Wrangell,2275,,2009
Yukon-Koyukuk,2290,,2009
Graham,4009,51.18432423,2009
Pinal,4021,54.38246278,2009
Yavapai,4025,50.14714763,2009
Arkansas,5001,78.03705581,2009
Bradley,5011,60.87943338,2009
Calhoun,5013,57.78551397,2009
Desha,5041,77.16852233,2009
Faulkner,5045,57.77121122,2009
Sabine,22085,46.87896826,2009
St. Martin,22099,78.62520126,2009
St. Mary,22101,74.08755011,2009
Tangipahoa,22105,62.08872395,2009
Terrebonne,22109,68.06167976,2009
Vernon,22115,52.75791486,2009
West Feliciana,22125,58.57482259,2009
Aroostook,23003,52.52586254,2009
Franklin,23007,46.17131423,2009
Lincoln,23015,47.63300092,2009
York,23031,49.93328498,2009
Baltimore,24005,42.96923557,2009
Cecil,24015,53.52339866,2009
Frederick,24021,57.41693709,2009
Montgomery,24031,43.14007853,2009
Somerset,24039,73.25398598,2009
Talbot,24041,62.4100509,2009
Bristol,25005,46.59629513,2009
Hampshire,25015,47.17943647,2009
Suffolk,25025,24.86655588,2009
Clare,26035,58.84651803,2009
Gogebic,26053,54.60862567,2009
Huron,26063,76.06111828,2009
Gunnison,8051,47.25974994,2009
Huerfano,8055,56.40975048,2009
Lake,8065,49.82012856,2009
Larimer,8069,51.40173347,2009
Montezuma,8083,50.01684937,2009
Park,8093,55.84673153,2009
Saguache,8109,52.02209268,2009
San Miguel,8113,47.03941301,2009
Summit,8117,46.38732081,2009
Fairfield,9001,34.20176255,2009
New London,9011,45.64082878,2009
Kent,10001,71.98083204,2009
Sussex,10005,65.62123551,2009
Alachua,12001,57.53532863,2009
Bradford,12007,59.79010661,2009
Calhoun,12013,62.51074732,2009
Citrus,12017,54.53887646,2009
Dixie,12029,67.31703167,2009
Escambia,12033,49.96699526,2009
Franklin,12037,76.71833963,2009
Hamilton,12047,60.95108515,2009
Hernando,12053,53.38057741,2009
Leon,12073,53.35758689,2009
Liberty,12077,68.71570948,2009
Madison,12079,64.89341325,2009
Marion,12083,53.48033731,2009
Nassau,12089,57.42962997,2009
Barrow,13013,50.14085051,2009
Brooks,13027,67.91435981,2009
Burke,13033,68.61354532,2009
Charlton,13049,68.84418684,2009
Columbia,13073,42.52444096,2009
Coweta,13077,47.62750042,2009
Crawford,13079,53.33213672,2009
Effingham,13103,65.17223521,2009
Emanuel,13107,62.64003903,2009
Fayette,13113,44.95438702,2009
Glynn,13127,59.63947802,2009
Greene,13133,47.05448881,2009
Habersham,13137,45.60858931,2009
Hancock,13141,47.89977791,2009
Henry,13151,43.84314335,2009
Jackson,13157,52.71378783,2009
Teton,30099,67.84069484,2009
Garden,31069,72.05338579,2009
Keya Paha,31103,70.05765789,2009
Loup,31115,70.30339126,2009
Pierce,31139,76.36947104,2009
Thomas,31171,70.01297122,2009
Eureka,32011,53.84879706,2009
Lander,32015,53.1061231,2009
Washoe,32031,49.70449084,2009
White Pine,32033,49.39042369,2009
Grafton,33009,44.11636247,2009
Atlantic,34001,56.0015153,2009
Burlington,34005,57.93264586,2009
Cumberland,34011,61.99667535,2009
Gloucester,34015,52.63552598,2009
Monmouth,34025,43.82386663,2009
Ocean,34029,43.74044798,2009
Somerset,34035,44.57989351,2009
De Witt,17039,73.66043641,2009
Lake,17097,39.18169195,2009
Piatt,17147,76.89129202,2009
Stark,17175,76.99326698,2009
Wabash,17185,72.58478609,2009
Washington,17189,73.32767008,2009
Blackford,18009,72.17192536,2009
Grant,18053,69.99366297,2009
Huntington,18069,69.24893197,2009
Knox,18083,71.94671183,2009
Union,18161,67.7039763,2009
Washington,18175,59.87889641,2009
Boone,19015,73.7428515,2009
Dickinson,19059,73.13957938,2009
Jones,19105,73.00308529,2009
Osceola,19143,78.13531292,2009
Scott,19163,67.5070629,2009
Worth,19195,77.56809243,2009
Cheyenne,20023,75.07044642,2009
Edwards,20047,76.1995709,2009
Morton,20129,72.7947097,2009
Pottawatomie,20149,66.72413344,2009
Stafford,20185,75.56506909,2009
Wichita,20203,77.22181041,2009
Allen,21003,58.80911953,2009
Ballard,21007,69.63478579,2009
Bourbon,21017,74.5672746,2009
Breckinridge,21027,56.13558846,2009
Butler,21031,54.71135647,2009
Caldwell,21033,60.57079863,2009
Carter,21043,44.63079931,2009
Clay,21051,41.97760542,2009
Crittenden,21055,58.15981415,2009
Estill,21065,45.95203374,2009
Floyd,21071,40.45658345,2009
Grayson,21085,56.08828934,2009
Greenup,21089,43.56700207,2009
Harlan,21095,40.71720735,2009
Hart,21099,56.92361267,2009
Jackson,21109,46.00430986,2009
Johnson,21115,41.32959086,2009
Knott,21119,40.63251968,2009
Larue,21123,62.68267676,2009
Laurel,21125,48.82000305,2009
Letcher,21133,40.84946694,2009
Lewis,21135,45.56341189,2009
Magoffin,21153,42.50045808,2009
Martin,21159,41.79611662,2009
Mercer,21167,65.83763901,2009
Nelson,21179,59.14229736,2009
Ohio,21183,55.69027116,2009
Perry,21193,40.15933598,2009
Powell,21197,44.51920643,2009
Rockcastle,21203,48.32699487,2009
Wayne,21231,47.25111636,2009
East Carroll,22035,77.08121768,2009
East Feliciana,22037,63.59477009,2009
Franklin,22041,77.95666235,2009
Iberia,22045,75.69390702,2009
Lafourche,22057,70.46634074,2009
Madison,22065,79.32243588,2009
Orleans,22071,33.1462069,2009
Pointe Coupee,22077,76.82430241,2009
Red River,22081,63.40535309,2009
Pembina,38067,78.34716904,2009
Richland,38077,77.01976493,2009
Cuyahoga,39035,26.71221917,2009
Erie,39043,60.81563616,2009
Fentress,47049,47.26324745,2009
Harrison,39067,51.1751381,2009
Noble,39121,48.64686335,2009
Van Wert,39161,74.88026013,2009
Bryan,40013,62.54177428,2009
Choctaw,40023,63.06901025,2009
Keweenaw,26083,51.8693228,2009
Mackinac,26097,65.83606518,2009
Macomb,26099,45.50616748,2009
Marquette,26103,57.57024235,2009
Blue Earth,27013,74.75418445,2009
Clay,27027,76.5143307,2009
Dodge,27039,76.15406803,2009
Hennepin,27053,40.05953877,2009
Lac qui Parle,27073,78.37435609,2009
Mahnomen,27087,68.35465338,2009
Morrison,27097,69.70444842,2009
Polk,27119,77.10563993,2009
Stearns,27145,71.26980193,2009
Washington,27163,52.29109557,2009
Watonwan,27165,77.45299022,2009
Yellow Medicine,27173,77.76215567,2009
DeSoto,28033,58.92636968,2009
Forrest,28035,54.79949371,2009
Humphreys,28053,75.5726278,2009
Leflore,28083,76.55591852,2009
Madison,28089,61.04457967,2009
Noxubee,28103,68.89515903,2009
Pearl River,28109,64.53129378,2009
Rankin,28121,56.25057788,2009
Stone,28131,60.58793253,2009
Tate,28137,64.96670962,2009
Tunica,28143,76.24496641,2009
Wilkinson,28157,53.12148276,2009
Cass,29037,68.53297466,2009
Holt,29087,74.46548618,2009
Jackson,29095,48.30004916,2009
Jefferson,29099,44.15871582,2009
New Madrid,29143,76.96694985,2009
Ozark,29153,53.53088245,2009
St. Charles,29183,54.06898455,2009
Saline,29195,72.61738667,2009
Shelby,29205,71.9838163,2009
Big Horn,30003,60.71613844,2009
Broadwater,30007,58.72903282,2009
Chouteau,30015,71.63891492,2009
Gallatin,30031,54.09923484,2009
Glacier,30035,63.26668271,2009
Judith Basin,30045,61.71528219,2009
Lewis and Clark,30049,53.68363601,2009
Liberty,30051,74.50533116,2009
Petroleum,30069,62.54623167,2009
Phillips,30071,66.40285591,2009
Ravalli,30081,51.58575526,2009
Roosevelt,30085,74.46288735,2009
Sterling,48431,51.82800437,2009
Titus,48449,68.91524376,2009
Upshur,48459,61.18609601,2009
Val Verde,48465,50.99193409,2009
Victoria,48469,72.0087238,2009
Waller,48473,70.96418786,2009
Ward,48475,50.67146623,2009
Webb,48479,52.44424257,2009
Morgan,49029,47.83186244,2009
Salt Lake,49035,40.58326523,2009
Summit,49043,47.24278281,2009
Uintah,49047,50.98622707,2009
Weber,49057,45.66382656,2009
Essex,50009,45.85907786,2009
Accomack,51001,63.55469546,2009
Alleghany,51005,42.44681347,2009
Amelia,51007,53.90892161,2009
Augusta,51015,53.73893973,2009
Bland,51021,47.94895401,2009
Buckingham,51029,49.68811963,2009
Campbell,51031,51.30905882,2009
Carroll,51035,51.55669208,2009
Charlotte,51037,53.67411692,2009
Dinwiddie,51053,52.15060545,2009
Fauquier,51061,58.42677711,2009
Franklin,51067,48.77542059,2009
Greensville,51081,60.26436141,2009
Hanover,51085,53.52494261,2009
Highland,51091,47.46757405,2009
King George,51099,52.38615563,2009
King William,51101,57.37112341,2009
Louisa,51109,49.60360384,2009
Middlesex,51119,52.89117016,2009
New Kent,51127,51.27995422,2009
Roosevelt,35041,57.12723831,2009
Sierra,35051,50.49512966,2009
Cattaraugus,36009,49.4465778,2009
Chautauqua,36013,53.44032693,2009
Chenango,36017,52.99577594,2009
Clinton,36019,50.72001317,2009
Essex,36031,44.00531127,2009
Saratoga,36091,49.66023799,2009
Sullivan,36105,44.40055838,2009
Ulster,36111,45.17456375,2009
Westchester,36119,31.63346061,2009
Anson,37007,51.98850248,2009
Brunswick,37019,60.66327725,2009
Buncombe,37021,41.94771053,2009
Camden,37029,80.24412029,2009
Carteret,37031,65.7653932,2009
Cherokee,37039,42.52631144,2009
Craven,37049,65.24139086,2009
Currituck,37053,69.75372988,2009
Dare,37055,75.0465991,2009
Davie,37059,54.10120163,2009
Graham,37075,40.71121746,2009
Greene,37079,71.72187196,2009
Henderson,37089,43.62142929,2009
Jackson,37099,41.23670575,2009
Jones,37103,68.65903541,2009
Macon,37113,42.39011824,2009
Mecklenburg,37119,31.40731984,2009
Nash,37127,61.86760576,2009
Northampton,37131,63.66158642,2009
Pamlico,37137,69.23825949,2009
Pender,37141,68.1847313,2009
Richmond,37153,51.26399436,2009
Scotland,37165,62.48841036,2009
Stanly,37167,55.05125127,2009
Transylvania,37175,41.95339393,2009
Cavalier,38019,77.93662069,2009
Grand Forks,38035,77.51982842,2009
Morton,38059,72.34896455,2009
Wetzel,54103,41.29611529,2009
Wood,54107,43.27855684,2009
Ashland,55003,58.66883924,2009
Buffalo,55011,60.35005097,2009
Iron,55051,61.38229337,2009
Lincoln,55069,60.71527872,2009
Marinette,55075,65.12764752,2009
Rusk,55107,60.89344495,2009
Sauk,55111,61.36485701,2009
Trempealeau,55121,63.23868641,2009
Big Horn,56003,51.70445091,2009
Park,56029,50.70132974,2009
Sheridan,56033,55.27852957,2009
Barbour,1005,54.49497262,2009
Greene,1063,65.70272806,2009
Marengo,1091,62.15765746,2009
Talladega,1121,49.80355714,2009
Lake and Peninsula,2164,,2009
Latimer,40077,51.17367883,2009
McClain,40087,64.28341797,2009
Pottawatomie,40125,57.55766071,2009
Sequoyah,40135,54.19174953,2009
Tillman,40141,72.96178885,2009
Wagoner,40145,61.04818814,2009
Clackamas,41005,46.6625076,2009
Douglas,41019,46.73918841,2009
Armstrong,42005,49.29210564,2009
Bradford,42015,53.59931906,2009
Clearfield,42033,44.07796891,2009
Clinton,42035,43.60375929,2009
Dauphin,42043,46.02655077,2009
Delaware,42045,29.87110928,2009
Erie,42049,53.54377622,2009
Indiana,42063,49.23827152,2009
Juniata,42067,50.552084,2009
Northumberland,42097,52.05691208,2009
Philadelphia,42101,24.8526478,2009
Somerset,42111,49.13053422,2009
Washington,42125,49.31999808,2009
Wayne,42127,48.16493683,2009
Providence,44007,39.55370156,2009
Aiken,45003,55.68828378,2009
Calhoun,45017,64.52879405,2009
Cherokee,45021,50.34792845,2009
Chesterfield,45025,57.14935512,2009
Clarendon,45027,64.25618759,2009
Darlington,45031,70.14035834,2009
Florence,45041,69.60769663,2009
Hampton,45049,67.08024873,2009
Kershaw,45055,52.92050822,2009
Laurens,45059,50.13958104,2009
Lee,45061,70.7969983,2009
McCormick,45065,43.07344107,2009
Marlboro,45069,69.8564228,2009
Orangeburg,45075,65.95397459,2009
Sumter,45085,69.29190401,2009
Williamsburg,45089,68.77762445,2009
Charles Mix,46023,73.74597814,2009
Hamlin,46057,73.92528166,2009
Ziebach,46137,71.41345232,2009
Anderson,47001,42.70215371,2009
Benton,47005,46.98558675,2009
Campbell,47013,42.14522066,2009
Carter,47019,43.41154555,2009
Claiborne,47025,49.22028647,2009
Cumberland,47035,46.96933868,2009
Gibson,47053,72.487721,2009
Grainger,47057,49.99633819,2009
Greene,47059,58.21917019,2009
Hamblen,47063,49.52696526,2009
Hickman,47081,48.06871221,2009
Johnson,47091,46.17171143,2009
Lauderdale,47097,70.35851135,2009
McMinn,47107,54.32832742,2009
Meigs,47121,49.43169214,2009
Moore,47127,54.51629089,2009
Perry,47135,46.58569549,2009
Putnam,47141,48.54683625,2009
Roane,47145,43.14286531,2009
Sevier,47155,45.24477617,2009
Smith,47159,53.02576329,2009
Sumner,47165,54.23966989,2009
Weakley,47183,68.91376615,2009
White,47185,54.77085854,2009
Andrews,48003,52.33758862,2009
Angelina,48005,53.65923832,2009
Baylor,48023,62.26651932,2009
Bexar,48029,43.69685825,2009
Brazoria,48039,70.99734268,2009
Brewster,48043,51.64893931,2009
Burnet,48053,49.09102443,2009
Calhoun,48057,57.23414511,2009
Camp,48063,64.17739233,2009
Cass,48067,56.47730866,2009
Coleman,48083,55.01992597,2009
Comal,48091,43.56578712,2009
Crockett,48105,51.69642116,2009
Dickens,48125,55.85847575,2009
Glasscock,48173,58.83283117,2009
Guadalupe,48187,61.47267773,2009
Hardin,48199,60.90082812,2009
Henderson,48213,64.00168723,2009
Hopkins,48223,72.63128678,2009
Howard,48227,59.4754377,2009
Jasper,48241,57.11193804,2009
Jefferson,48245,70.66016433,2009
Kimble,48267,50.42570942,2009
Leon,48289,64.95784702,2009
Loving,48301,51.30749665,2009
Marion,48315,54.85082582,2009
Mason,48319,51.28395754,2009
Maverick,48323,51.92458101,2009
Montgomery,48339,46.29446562,2009
Nacogdoches,48347,57.23470501,2009
Navarro,48349,67.51773357,2009
Polk,48373,51.91341422,2009
Reagan,48383,54.33085863,2009
Red River,48387,71.12119931,2009
Refugio,48391,71.3039567,2009
Rusk,48401,59.74281805,2009
Sabine,48403,47.85865997,2009
Fayette,54019,41.91502359,2009
Logan,54045,41.37041865,2009
Boise,16015,48.52534589,2009
Anderson,48001,66.48881585,2009
Fort Bend,48157,65.90247063,2009
Motley,48345,54.73552324,2009
Blount,1009,54.03474765,2009
Colbert,1033,53.41647037,2009
Macon,1087,58.32159102,2009
Dallas,5039,54.39439705,2009
Ouachita,5103,57.15431404,2009
Amador,6005,50.28985882,2009
Inyo,6027,49.0651605,2009
Clear Creek,8019,47.56151921,2009
Highlands,12055,70.34682897,2009
Seminole,12117,50.38054574,2009
Cook,13075,70.35754013,2009
White,13311,44.92415209,2009
Elmore,16039,58.99800522,2009
Power,16077,61.25896492,2009
Edwards,17047,72.86804772,2009
St. Clair,1115,48.20453761,2009
Petersburg,2195,,2009
Randolph,5121,61.00653015,2009
Contra Costa,6013,48.14171111,2009
Orange,6059,35.40315577,2009
Tulare,6107,57.60145016,2009
Custer,8027,53.29558247,2009
Las Animas,8071,60.60226796,2009
Santa Rosa,12113,51.81849316,2009
Wakulla,12129,64.86608764,2009
Bibb,13021,45.68065714,2009
Northumberland,51133,53.89787666,2009
Prince Edward,51147,51.42984512,2009
Pulaski,51155,50.25665794,2009
Richmond,51159,57.73485184,2009
Southampton,51175,64.66637671,2009
Stafford,51179,44.29626711,2009
Tazewell,51185,48.14936891,2009
Washington,51191,52.65807932,2009
Wise,51195,41.7916278,2009
Falls Church,51610,22.28966571,2009
Williamsburg,51830,33.08947731,2009
Pacific,53049,51.28881949,2009
Pierce,53053,42.00445769,2009
Whatcom,53073,44.80814751,2009
Whitman,53075,75.48301868,2009
Cabell,54011,39.87131685,2009
Gilmer,54021,42.45009926,2009
Greenbrier,54025,46.74657059,2009
Hardy,54031,46.09348134,2009
Lincoln,54043,41.49939869,2009
Mingo,54059,41.21915457,2009
Monroe,54063,50.83949869,2009
Morgan,54065,44.20668607,2009
Randolph,54083,43.10349113,2009
Roane,54087,43.81964537,2009
Tucker,54093,45.09849785,2009
Gadsden,12039,57.03642025,2009
Clinton,19045,74.61170191,2009
Owen,21187,53.98148724,2009
Union,39159,71.09558836,2009
Renville,27129,77.59409239,2009
Cape May,34009,59.6333914,2009
Washington,36115,54.68310213,2009
Haywood,37087,43.72641689,2009
McLean,38055,69.52925928,2009
Montgomery,42091,36.87439251,2009
Dorchester,45035,63.19631068,2009
Codington,46029,71.29645141,2009
Marshall,47117,58.4194364,2009
Lunenburg,51111,51.13666306,2009
York,51199,39.35324386,2009
Choctaw,1023,54.64197769,2009
Cullman,1043,55.35828476,2009
Yakutat,2282,,2009
Benton,5007,51.82209818,2009
Cleveland,5025,60.42686067,2009
Alpine,6003,46.90944562,2009
Del Norte,6015,43.94674147,2009
Imperial,6025,47.45193497,2009
Madera,6039,58.8698997,2009
San Benito,6069,60.73344649,2009
Santa Cruz,6087,44.36341508,2009
Arapahoe,8005,64.93486436,2009
Douglas,8035,53.65307748,2009
New Castle,10003,51.42215044,2009
Levy,12075,63.9720193,2009
Walton,12131,55.04393205,2009
Berrien,13019,67.47003339,2009
Camden,13039,62.41082028,2009
Elbert,13105,49.00404015,2009
Gwinnett,13135,30.94317049,2009
Jefferson,13163,63.50451102,2009
Screven,13251,69.16179025,2009
Treutlen,13283,60.28487836,2009
Wilkes,13317,51.74232989,2009
Canyon,16027,67.33007842,2009
Custer,16037,49.91037721,2009
Cass,18017,70.58197034,2009
Tipton,18159,76.31942357,2009
Gray,20069,77.28754677,2009
Lane,20101,75.76444079,2009
Breathitt,21025,41.11270134,2009
Garrard,21079,63.79565024,2009
Washington,21229,62.47896294,2009
Woodford,21239,68.29145345,2009
Avoyelles,22009,79.29182157,2009
Caldwell,22021,63.88728832,2009
De Soto,22031,57.31524071,2009
Jefferson Davis,22053,75.37870472,2009
Plaquemines,22075,51.14936504,2009
St. Tammany,22103,49.74126534,2009
Allegany,24001,42.46177825,2009
Prince George's,24033,39.10819174,2009
Oscoda,26135,49.56339437,2009
Union,28145,59.10814832,2009
Bates,29013,73.74790162,2009
Blaine,30005,68.10713373,2009
Missoula,30063,47.22325383,2009
Powder River,30075,62.5542504,2009
York,31185,77.06323117,2009
Rockingham,33015,46.67088653,2009
Camden,34007,40.5203079,2009
Harding,35021,56.76422474,2009
Kings,36047,23.42661651,2009
Orange,36071,47.73562564,2009
Beaufort,37013,64.5395699,2009
Bertie,37015,67.45752484,2009
Clay,37043,43.4748761,2009
New Hanover,37129,44.68630556,2009
Rowan,37159,51.1494425,2009
McKenzie,38053,64.51040472,2009
Washington,39167,47.54095718,2009
Dewey,40043,68.70159084,2009
Greer,40055,61.59732194,2009
Osage,40113,61.13650734,2009
Deschutes,41017,46.92327453,2009
Multnomah,41051,39.17868949,2009
Fayette,42051,46.69218289,2009
Westmoreland,42129,45.79299873,2009
Beaufort,45013,56.15118439,2009
Georgetown,45043,62.20028949,2009
Dewey,46041,68.21559859,2009
Union,46127,76.45911154,2009
Henry,47079,57.96260339,2009
Loudon,47105,52.24432623,2009
Sullivan,47163,45.34940161,2009
Archer,48009,69.04574486,2009
Bosque,48035,62.60303991,2009
Colorado,48089,68.51267307,2009
Harris,48201,38.95462792,2009
Hudspeth,48229,53.45252729,2009
Lee,48287,70.39015383,2009
San Augustine,48405,50.99423219,2009
Tyler,48457,55.49872215,2009
Cache,49005,53.71988,2009
Garfield,49017,48.67835847,2009
Rich,49033,52.26096023,2009
Albemarle,51003,48.97429867,2009
Caroline,51033,52.83297274,2009
Fairfax,51059,31.00269032,2009
Henrico,51087,41.63214067,2009
Madison,51113,53.63939645,2009
Patrick,51141,46.74055968,2009
Russell,51167,51.85191462,2009
Chelan,53007,47.53453652,2009
Ferry,53019,45.99164968,2009
Jefferson,53031,43.15172452,2009
Lincoln,53043,69.10293321,2009
Doddridge,54017,42.13990636,2009
McDowell,54047,40.57810018,2009
Wayne,54099,40.72100952,2009
Fajardo,72053,,2009
Vieques,72147,,2009
Conecuh,1035,55.98858233,2009
Juneau,2110,,2009
Independence,5063,58.3345616,2009
Alameda,6001,46.23118184,2009
San Luis Obispo,6079,60.51618282,2009
Phillips,8095,77.34650782,2009
Long,13183,64.87695295,2009
Warren,13301,51.23136958,2009
Allen,20001,73.9331819,2009
Menifee,21165,44.67769983,2009
Grant,22043,56.37558295,2009
Carroll,24013,58.48292054,2009
Cascade,30013,62.2464344,2009
Davidson,37057,47.19818638,2009
Morrow,41049,66.08855643,2009
Monroe,42089,43.49990034,2009
Oconee,45073,43.47501277,2009
Brazos,48041,65.38279609,2009
Juab,49023,51.89871356,2009
Dickenson,51051,41.98125546,2009
Mineral,54057,45.46137921,2009
Miller,5091,64.97472164,2009
Riverside,6065,49.4069706,2009
Haines,2100,,2009
Somerset,23025,48.55067193,2009
Grayson,51077,50.99570817,2009
Lee,51105,49.34522425,2009
Page,51139,49.1257448,2009
Martinsville,51690,27.94012618,2009
Stevens,53065,46.68416575,2009
Bullock,1011,57.0849699,2009
Butler,1013,52.77942755,2009
Daviess,18027,69.74367511,2009
Madison,18095,68.32035485,2009
Lee,19111,64.40603263,2009
Bath,21011,58.62676902,2009
Fleming,21069,61.78454642,2009
Lawrence,21127,41.77717587,2009
East Baton Rouge,22033,54.96111885,2009
Heard,13149,48.41060462,2009
Caribou,16029,53.95399982,2009
Washington,16087,61.87326168,2009
Menard,17129,74.11044693,2009
Montgomery,18107,72.13333682,2009
Pike,18125,61.18224421,2009
Haskell,20081,77.92339337,2009
Riley,20161,65.42644425,2009
Knox,21121,43.94198518,2009
Scott,21209,61.1439988,2009
Acadia,22001,75.9770021,2009
Caddo,22017,55.31353983,2009
Evangeline,22039,71.04801299,2009
St. Bernard,22087,60.27362691,2009
Winn,22127,54.43569762,2009
Charles,24017,49.8504507,2009
Franklin,25011,44.85495602,2009
Monroe,26115,64.27737611,2009
Redwood,27127,77.99480358,2009
Wilkin,27167,79.04302259,2009
Winston,28159,57.29024864,2009
Cape Girardeau,29031,61.96693008,2009
Madison,30057,55.80247517,2009
Greeley,31077,73.15769724,2009
Essex,34013,28.98719081,2009
Colfax,35007,57.99776067,2009
Erie,36029,50.63012766,2009
Herkimer,36043,50.95747532,2009
New York,36061,20.0618153,2009
Chatham,37037,47.72964831,2009
Harnett,37085,57.05975293,2009
Moore,37125,49.40029159,2009
Towner,38095,79.06424669,2009
Grant,41023,50.86781646,2009
Centre,42027,46.28492463,2009
Susquehanna,42115,50.92691372,2009
Lancaster,45057,47.72899659,2009
Haakon,46055,72.42643553,2009
Lyman,46085,70.9568749,2009
Tripp,46123,73.29565135,2009
Maury,47119,56.21940113,2009
Shelby,47157,48.12133344,2009
Caldwell,48055,65.12338199,2009
Crane,48103,50.92767665,2009
Jackson,48239,72.40922859,2009
Pecos,48371,52.08688819,2009
Shelby,48419,56.92993135,2009
Young,48503,63.53397601,2009
Orange,50017,48.43747336,2009
Charles City,51036,55.99159762,2009
Halifax,51083,52.86428192,2009
Surry,51181,60.2090804,2009
Franklin,53021,67.28962225,2009
Lewis,53041,48.40295247,2009
Berkeley,54003,50.22473732,2009
Lewis,54041,43.97893923,2009
Crawford,55023,55.28478214,2009
Manu'a,60020,,2009
Saipan,69110,,2009
Ceiba,72037,,2009
Newton,5101,44.7763327,2009
Merced,6047,73.76514188,2009
San Joaquin,6077,69.71735541,2009
Trinity,6105,46.28945948,2009
Hale,1065,62.63981503,2009
Sumter,1119,63.26572551,2009
Dillingham,2070,,2009
Mohave,4015,51.12494827,2009
Chicot,5017,74.43970422,2009
St. Helena,22091,59.94674147,2009
Oxford,23017,45.06166345,2009
Wicomico,24045,66.19659734,2009
Plymouth,25023,45.37749127,2009
Grand Traverse,26055,52.72341226,2009
Routt,8107,48.47978449,2009
Middlesex,9007,42.306533,2009
Lake,12069,59.58463055,2009
Orange,12095,51.39020941,2009
Bulloch,13031,70.38226828,2009
Fulton,13121,31.99418205,2009
Liberty,13179,61.36783234,2009
Taliaferro,13265,49.41879193,2009
Wilkinson,13319,55.03034453,2009
Lemhi,16059,50.1851577,2009
Valley,16085,52.73206365,2009
Rock Island,17161,60.73112632,2009
Jasper,18073,73.03731493,2009
Franklin,19069,78.00350462,2009
Grant,20067,76.42392475,2009
Bell,21013,41.27377271,2009
Livingston,21139,57.34013704,2009
Lafayette,22055,60.26636539,2009
Wyandot,39175,72.29068095,2009
Cleveland,40027,51.39284736,2009
Lake of the Woods,27077,67.7728038,2009
Norman,27107,78.88221119,2009
Scott,27139,64.02404426,2009
Adams,28001,55.00306137,2009
Copiah,28029,54.006077,2009
Issaquena,28055,78.66391154,2009
Lowndes,28087,68.83486351,2009
Scott,29201,72.02861318,2009
Beaverhead,30001,54.18202233,2009
Fergus,30027,61.94285735,2009
McCone,30055,70.4960049,2009
Sanders,30089,48.44149656,2009
Silver Bow,30093,49.945456,2009
Middlesex,34023,41.31347738,2009
Valencia,35061,52.18536842,2009
Hoke,37093,59.56443311,2009
Martin,37117,69.60356481,2009
Tyrrell,37177,80.32283143,2009
Benson,38005,71.52662366,2009
Jefferson,40067,67.64288546,2009
Muskogee,40101,62.92693909,2009
Baker,41001,55.11805969,2009
Chester,42029,50.74457313,2009
Pike,42103,42.94175299,2009
Wyoming,42131,48.62998273,2009
Berkeley,45015,57.43315854,2009
Greenville,45045,42.35983268,2009
Newberry,45071,49.37631955,2009
Blount,47009,48.67702319,2009
Knox,47093,41.07585451,2009
Scott,47151,42.93176713,2009
Crosby,48107,68.27261605,2009
Harrison,48203,56.82803901,2009
Kenedy,48261,65.64102239,2009
Madison,48313,74.28758664,2009
Morris,48343,65.48487514,2009
Starr,48427,58.74452822,2009
Trinity,48455,53.10020202,2009
Utah,49049,47.64999322,2009
Bedford,51019,50.15371416,2009
Will,17197,57.14895233,2009
Schoolcraft,26153,71.02618173,2009
Torrance,35057,57.26232664,2009
Island,53029,44.66697573,2009
Chilton,1021,52.72312594,2009
Clay,1027,47.93445684,2009
Coffee,1031,58.95828834,2009
Tensas,22107,79.09591427,2009
Washington,23029,48.63235694,2009
Norfolk,25021,38.66908778,2009
Nicollet,27103,74.68376276,2009
Camden,29029,45.01015762,2009
Schuyler,29197,70.11724492,2009
Granite,30039,50.53132952,2009
Sweet Grass,30097,60.19886932,2009
Clark,32003,50.60636993,2009
Bergen,34003,29.45083314,2009
Grant,35017,49.75131159,2009
Warren,36113,42.22275855,2009
Cumberland,37051,56.55259626,2009
McDowell,37111,42.91801896,2009
Swain,37173,40.58744829,2009
Grant,38037,73.11191825,2009
Walsh,38099,78.08715128,2009
Kiowa,40075,71.35780065,2009
Tulsa,40143,45.86848168,2009
Jefferson,41031,54.29136627,2009
Sherman,41055,70.04593062,2009
Clarion,42031,50.24101136,2009
Washington,44009,45.98980208,2009
Lexington,45063,46.35667148,2009
Meade,46093,70.27338861,2009
Davidson,47037,35.63427931,2009
Bee,48025,63.34594888,2009
Eastland,48133,56.67203065,2009
Reeves,48389,51.90503344,2009
Carbon,49007,48.05485325,2009
Amherst,51009,46.01029903,2009
Frederick,51069,51.04605935,2009
Clallam,53009,44.38937805,2009
Kitsap,53035,36.87380596,2009
Yakima,53077,56.6740114,2009
Teton,56039,47.38153938,2009
Guam,66010,,2009
Yabucoa,72151,,2009
Hempstead,5057,58.65970886,2009
Nevada,5099,55.97122222,2009
Sacramento,6067,57.25325664,2009
Tuolumne,6109,46.78155673,2009
Delta,8029,50.3434907,2009
Dallas,1047,64.31530138,2009
Lowndes,1085,62.14801909,2009
Kusilvak,2158,,2009
Coconino,4005,49.41059769,2009
Clay,5021,76.08482061,2009
Union,22111,56.94747895,2009
Piscataquis,23021,45.18371408,2009
Kent,24029,68.11067417,2009
Charlevoix,26029,54.13011629,2009
Jefferson,8059,44.76144769,2009
Pitkin,8097,45.45121621,2009
DeSoto,12027,79.0475668,2009
Baldwin,13009,48.34252758,2009
Gilmer,13123,42.37989892,2009
Rabun,13241,41.81680715,2009
Toombs,13279,63.89182602,2009
Whitfield,13313,46.8990176,2009
Henry,18065,70.74941783,2009
Spencer,18147,66.25711848,2009
Pocahontas,19151,78.48024403,2009
Fayette,21067,58.60106512,2009
Henderson,21101,68.25258707,2009
Muhlenberg,21177,56.98198724,2009
Taylor,21217,56.71136581,2009
Jefferson,22051,41.54650094,2009
Menominee,26109,72.65445488,2009
Chippewa,27023,77.544438,2009
Itasca,27061,60.2125064,2009
Hinds,28049,57.06501564,2009
Hickory,29085,55.50873763,2009
Meagher,30059,53.34374623,2009
Valley,30105,67.85787559,2009
Grant,31075,71.92199831,2009
Churchill,32001,48.76221713,2009
Halifax,37083,62.83994156,2009
Montgomery,37123,46.22363848,2009
Rutherford,37161,47.78109638,2009
Kidder,38043,68.21191893,2009
Florence,55037,58.29134595,2009
Fremont,56013,51.71054981,2009
Crenshaw,1041,55.88754647,2009
Marshall,40095,52.91712228,2009
Curry,41015,46.40910764,2009
Greene,42059,47.33000879,2009
Anderson,45007,50.41760875,2009
Horry,45051,67.67397559,2009
Spartanburg,45083,48.02108852,2009
Cocke,47029,47.23522123,2009
Hawkins,47073,50.27930619,2009
Rutherford,47149,52.60146178,2009
Wilson,47189,54.9362538,2009
Bowie,48037,62.67212901,2009
Mills,48333,52.58297374,2009
Presidio,48377,52.42685288,2009
San Saba,48411,52.6509439,2009
Tom Green,48451,56.28857066,2009
Essex,51057,57.73801152,2009
James City,51095,45.46162055,2009
Pittsylvania,51143,52.74354948,2009
Mason,53045,45.00402153,2009
Barbour,54001,47.46216904,2009
Kanawha,54039,39.62595485,2009
Morehouse,22067,73.52750889,2009
Mineral,30061,44.47373629,2009
Crockett,47033,75.90134752,2009
Boone,54005,41.55294822,2009
Dolores,8033,47.6938011,2009
Sumter,12119,70.86072772,2009
Logan,21141,65.64958562,2009
Richland,22083,78.95148764,2009
Marshall,27089,79.58906675,2009
Garfield,30033,63.91926772,2009
Johnston,37101,63.47240189,2009
Wasco,41065,59.38441114,2009
Marion,45067,74.07385501,2009
Delta,48119,71.55253247,2009
McMullen,48311,53.91449318,2009
Thurston,53067,47.78261619,2009
San Juan,72127,,2009
Drew,5043,63.60290243,2009
Fulton,5049,55.39684596,2009
Calhoun,1015,46.77661576,2009
Cherokee,1019,51.06672081,2009
Grant,5053,58.12436776,2009
Logan,5083,53.88214176,2009
Coosa,1037,45.91835527,2009
Covington,1039,56.1107501,2009
Pickens,1107,58.28623923,2009
Escambia,1053,59.17206021,2009
Henry,1067,59.30857422,2009
Lauderdale,1077,56.74447521,2009
Randolph,1111,48.51945415,2009
Tuscaloosa,1125,49.97807622,2009
Aleutians East,2013,,2009
Ketchikan Gateway,2130,,2009
Sitka,2220,,2009
Yuma,4027,50.46052821,2009
Baxter,5005,44.67015311,2009
Boone,5009,56.56124251,2009
Gilpin,8047,43.83172653,2009
Pueblo,8101,65.81880156,2009
Rio Grande,8105,55.98835347,2009
Washington,8121,74.49703727,2009
Pasco,12101,60.29646517,2009
Sarasota,12115,56.06443461,2009
Washington,12133,59.50841976,2009
Montgomery,5097,45.22156921,2009
Scott,5127,47.4259193,2009
Stone,5137,47.35002397,2009
Yell,5149,52.67000128,2009
Glenn,6021,65.16160837,2009
Kern,6029,60.83058206,2009
Lassen,6035,50.9815839,2009
Modoc,6049,52.11104587,2009
Plumas,6063,46.37982193,2009
Siskiyou,6093,48.52696445,2009
Tehama,6103,56.53250211,2009
Adams,8001,70.50402743,2009
Bent,8011,70.00161942,2009
Broomfield,8014,44.65073879,2009
Mesa,8077,47.74590231,2009
Hartford,9003,39.71651664,2009
Bay,12005,55.26634201,2009
Flagler,12035,60.71857257,2009
Jefferson,12065,65.72699455,2009
Manatee,12081,64.46026496,2009
Monroe,12087,68.87936423,2009
Franklin,13119,56.53347668,2009
Gordon,13129,53.0909622,2009
Atkinson,13003,65.57983809,2009
Bartow,13015,47.73164114,2009
Butts,13035,49.63346715,2009
Catoosa,13047,48.19925277,2009
Cherokee,13057,40.35346441,2009
Crisp,13081,68.0945436,2009
Dawson,13085,43.10745898,2009
Dodge,13091,62.86081592,2009
Dougherty,13095,58.60128463,2009
Worth,13321,67.56112522,2009
Benewah,16009,50.40300158,2009
Echols,13101,64.53337103,2009
Floyd,13115,48.53475472,2009
Oneida,16071,59.69219679,2009
Boone,17007,72.29956783,2009
Jasper,13159,49.23347902,2009
Jones,13169,47.50771187,2009
Lanier,13173,66.46523576,2009
Lee,13177,68.08560203,2009
Polk,13233,49.84418318,2009
Randolph,13243,59.26976516,2009
Schley,13249,54.50485489,2009
Terrell,13273,68.00665486,2009
Turner,13287,69.2018255,2009
Walton,13297,52.5870427,2009
Webster,13307,60.24818338,2009
Madison,17119,61.15792023,2009
Moultrie,17139,73.13219007,2009
Peoria,17143,62.76759466,2009
Bonneville,16019,54.7831303,2009
Boundary,16021,46.19092264,2009
Clark,16033,53.41945485,2009
Latah,16057,57.36772797,2009
Minidoka,16067,67.51457827,2009
Stephenson,17177,74.36911961,2009
Vermilion,17183,72.47603414,2009
Warren,17187,74.98845314,2009
Woodford,17203,70.99339697,2009
Calhoun,17013,57.1016408,2009
Crawford,17033,69.89000221,2009
DeKalb,17037,74.83136267,2009
Fulton,17057,64.98261757,2009
Greene,17061,71.09178135,2009
Henderson,17071,70.54146287,2009
Jefferson,17081,64.76773534,2009
Jo Daviess,17085,66.17860293,2009
Knox,17095,69.95759982,2009
Lawrence,17101,71.85280475,2009
Shelby,18145,72.6246353,2009
Starke,18149,68.75010712,2009
Sullivan,18153,65.63218312,2009
Pike,17149,67.74415183,2009
Richland,17159,71.28609142,2009
Floyd,19067,76.08378722,2009
Hancock,19081,78.11303259,2009
Henry,19087,70.37134116,2009
Jackson,19097,68.50952921,2009
Jefferson,19101,71.05829816,2009
Benton,18007,77.86061281,2009
Clinton,18023,74.87294309,2009
DeKalb,18033,70.43670612,2009
Dubois,18037,60.81940603,2009
Fayette,18041,65.77671877,2009
Howard,18067,69.31796917,2009
Johnson,18081,61.77985454,2009
Kosciusko,18085,68.59985587,2009
LaGrange,18087,74.83107008,2009
Lawrence,18093,54.77765451,2009
Marion,18097,30.28144228,2009
Marshall,18099,70.52410312,2009
Monroe,18105,44.93287619,2009
Morgan,18109,56.95111604,2009
Newton,18111,74.16675923,2009
Noble,18113,70.59375825,2009
Orange,18117,52.15051464,2009
Parke,18121,61.19261864,2009
Rush,18139,75.37152133,2009
Finney,20055,75.54360817,2009
Franklin,20059,70.73716482,2009
Gove,20063,74.38762202,2009
Greenwood,20073,68.44112473,2009
Hamilton,20075,73.90516163,2009
Harper,20077,74.21977251,2009
Vanderburgh,18163,54.02787669,2009
Whitley,18183,70.37707101,2009
Audubon,19009,77.62944979,2009
Black Hawk,19013,72.03953482,2009
Buchanan,19019,76.43975527,2009
Clarke,19039,70.35641011,2009
Clayton,19043,66.52948904,2009
Decatur,19053,69.31155324,2009
Emmet,19063,77.0470877,2009
Vinton,39163,46.08200333,2009
Wood,39173,70.09526287,2009
Clark,46025,73.58325641,2009
Davison,46035,76.75140655,2009
Marion,19125,66.81100805,2009
Mitchell,19131,77.04514923,2009
Monroe,19135,66.53000769,2009
O'Brien,19141,77.66053513,2009
Page,19145,75.57535118,2009
Pottawattamie,19155,74.03406188,2009
Shelby,19165,77.99102548,2009
Union,19175,73.0815841,2009
Washington,19183,74.03669514,2009
Woodbury,19193,73.59395446,2009
Butler,20015,68.84113235,2009
Cherokee,20021,71.74091021,2009
Clark,20025,72.28138042,2009
Cloud,20029,73.19980438,2009
Douglas,20045,63.85384575,2009
Gaines,48165,66.2082961,2009
Grayson,48181,60.32677631,2009
Hall,48191,58.80313276,2009
Hartley,48205,64.1854357,2009
Zavala,48507,55.40133218,2009
Daggett,49009,47.44158848,2009
Iron,49021,49.33731747,2009
Tuscarawas,39157,52.17154763,2009
Lincoln,46083,76.14042831,2009
McCook,46087,77.73586179,2009
Marshall,46091,70.74753912,2009
Edmunds,46045,76.35864204,2009
Faulk,46049,78.32095772,2009
Hand,46059,77.73365765,2009
Hockley,48219,72.13127084,2009
Wasatch,49051,45.26137697,2009
Wayne,49055,49.75605644,2009
Bennington,50003,45.02688105,2009
Millard,49027,51.58197659,2009
Clarke,51043,60.94370467,2009
Adair,40001,54.24836428,2009
Beaver,40007,70.08324631,2009
Comanche,40031,63.55490639,2009
Hughes,46065,70.1640455,2009
Lake,46079,75.87350617,2009
Franklin,50011,53.04121989,2009
Rutland,50021,47.95701361,2009
Greene,51079,49.28392392,2009
Oneida,55085,61.45921293,2009
Ozaukee,55089,63.87572454,2009
Craig,40035,72.48823615,2009
Delaware,40041,54.07254819,2009
Perkins,31135,77.38508476,2009
Platte,31141,75.78523392,2009
Red Willow,31145,74.7290572,2009
Saline,31151,74.78448895,2009
Goodhue,27049,68.69971458,2009
Kanabec,27065,65.47479747,2009
Lyon,27083,76.71810459,2009
Polk,37149,46.57089361,2009
St. Lawrence,36089,54.72561853,2009
Oliver,38065,72.66396659,2009
Jackson,20085,71.23846347,2009
Jefferson,20087,66.57609165,2009
Cleburne,5023,48.01218341,2009
Cross,5037,75.61644437,2009
Androscoggin,23001,48.21800198,2009
Hardin,19083,75.94786754,2009
Howard,19089,77.05746357,2009
Warren,39165,54.50098803,2009
Wayne,39169,66.59674754,2009
Martin,27091,76.23761722,2009
Rice,27131,70.47861225,2009
Schenectady,36093,46.30612296,2009
Claiborne,22027,51.53013539,2009
Mason,26105,58.62396921,2009
Muskegon,26121,51.47484271,2009
Ontonagon,26131,48.42521304,2009
Ida,19093,78.06359815,2009
Jasper,19099,75.44339016,2009
Johnson,19103,69.70575889,2009
Sherburne,27141,65.30732252,2009
Candler,13043,68.91181716,2009
Jackson,22049,51.39714066,2009
St. James,22093,77.80510863,2009
Washington,22117,64.44200201,2009
Bollinger,29017,55.97397056,2009
Nodaway,29147,74.44809883,2009
Platte,29165,63.58850342,2009
Iberville,22047,81.29225689,2009
Marion,39101,71.54000464,2009
Medina,39103,56.20117884,2009
Box Butte,31013,74.98658118,2009
Buffalo,31019,73.89712967,2009
Seward,31159,74.77822428,2009
Buchanan,29021,66.04932785,2009
Cedar,29039,59.93526133,2009
Hettinger,38041,76.56071646,2009
McIntosh,38051,70.6181764,2009
Dawson,31047,74.25389772,2009
Douglas,31055,47.31835518,2009
Lorain,39093,56.87972878,2009
Monroe,39111,46.13485146,2009
Morgan,39115,48.5545555,2009
Queen Anne's,24035,68.40368383,2009
Thayer,31169,75.23927309,2009
Valley,31175,72.61062885,2009
Wayne,31179,77.26531503,2009
Adair,21001,55.69286839,2009
Seneca,36099,58.89007266,2009
Wayne,36117,63.77625563,2009
Johnson,20091,50.15012451,2009
Kingman,20095,72.64942805,2009
Labette,20099,72.89556767,2009
Lincoln,20105,72.88930255,2009
Essex,25009,43.62476937,2009
Barry,26015,63.13802653,2009
Benzie,26019,49.96922337,2009
Crawford,26039,50.06548168,2009
Hillsdale,26059,71.40841517,2009
Linn,19113,68.09000534,2009
Boone,21015,45.54665082,2009
Meeker,27093,73.54097283,2009
Olmsted,27109,68.49015297,2009
Hancock,23009,45.84310933,2009
Knox,23013,46.26631981,2009
Penobscot,23019,51.30080166,2009
St. Mary's,24037,49.85651594,2009
Worcester,24047,61.64881481,2009
Worcester,25027,44.99801362,2009
Alpena,26007,69.44488945,2009
Otsego,26137,50.92046354,2009
Ottawa,26139,58.30876329,2009
Roscommon,26143,55.14046997,2009
St. Joseph,26149,69.52616532,2009
Lucas,19117,69.42546796,2009
Marshall,19127,75.7861378,2009
Montgomery,19137,76.11386909,2009
Muscatine,19139,71.95048486,2009
Palo Alto,19147,78.10561599,2009
Mercer,39107,71.49817084,2009
Pipestone,27117,77.69844469,2009
Ramsey,27123,27.76722354,2009
Butler,31023,75.29918004,2009
Clark,29045,68.49409311,2009
Clinton,29049,71.16499482,2009
Cooper,29053,68.36130007,2009
Randolph,29175,64.52663964,2009
St. Clair,29185,59.99599442,2009
Vernon,29217,72.26814604,2009
Dundy,31057,73.83612046,2009
Perry,39127,52.08596665,2009
Pike,39131,49.74090978,2009
Putnam,39137,74.97173086,2009
Paulding,39125,74.26237365,2009
Jackson,27063,76.69788788,2009
Cass,31025,72.90410455,2009
Union,21225,68.64103945,2009
Wells,38103,76.89707335,2009
Allen,39003,66.82070843,2009
Ashtabula,39007,57.60820631,2009
Fillmore,31059,77.53488753,2009
Frontier,31063,73.45026011,2009
Gosper,31073,74.17722474,2009
Harlan,31083,72.75875133,2009
Kandiyohi,27067,71.03671811,2009
Kit Carson,8063,74.94737472,2009
Lincoln,8073,72.66503695,2009
Montrose,8085,48.7484826,2009
Prowers,8099,73.38156677,2009
Knox,39083,62.67697316,2009
Lawrence,39087,42.86832095,2009
Cochise,4003,51.30836635,2009
Ashley,5003,63.91328722,2009
Alexander,37003,50.77526492,2009
Caswell,37033,50.78754493,2009
Bay,26017,70.20327046,2009
Leavenworth,20103,64.66423006,2009
Logan,20109,75.16730195,2009
Lyon,20111,69.22462028,2009
Teller,8119,49.23018109,2009
Poweshiek,19157,76.26101459,2009
Sac,19161,77.64668679,2009
Tama,19171,76.26663523,2009
Taylor,19173,74.91494117,2009
Fulton,36035,48.66308315,2009
Greene,36039,45.55344891,2009
Branch,26023,73.97951415,2009
Chippewa,26033,65.34533759,2009
Gladwin,26051,68.45067826,2009
Gratiot,26057,75.74206428,2009
Dallas,29059,58.94014372,2009
Sanilac,26151,75.54193594,2009
Shiawassee,26155,73.12740473,2009
Van Buren,26159,66.55042434,2009
Van Buren,19177,66.16586601,2009
Ross,39141,57.61266032,2009
Shelby,39149,70.69265484,2009
Webster,21233,66.17939352,2009
Allen,22003,62.26469398,2009
Howard,29089,65.34468304,2009
Jasper,29097,65.96847155,2009
Washington,29221,45.48231585,2009
St. Louis,29510,22.60527186,2009
Deer Lodge,30023,50.89181302,2009
Jefferson,30043,53.12349256,2009
Park,30067,52.18255824,2009
Powell,30077,52.95163,2009
Rosebud,30087,61.98235355,2009
Stark,39151,51.78101659,2009
Koochiching,27071,80.52326269,2009
Tallahatchie,28135,72.15423665,2009
Tippah,28139,55.0439351,2009
Webster,28155,55.37073766,2009
Yalobusha,28161,51.84074652,2009
Union,37179,55.80923311,2009
Barnes,38003,77.46346048,2009
Billings,38007,62.46942257,2009
Hitchcock,31087,74.37104179,2009
Knox,31107,70.49860515,2009
Lincoln,31111,72.12181558,2009
Lincoln,27081,76.03631474,2009
McLeod,27085,74.69256699,2009
Baker,12003,60.98594939,2009
Hardee,12049,78.89595662,2009
Hillsborough,12057,54.94458825,2009
Miami-Dade,12086,74.62324051,2009
Sargent,38081,77.17772438,2009
Stark,38089,73.26528558,2009
Steele,38091,79.09806692,2009
Ward,38101,75.04647732,2009
Duplin,37061,67.94205302,2009
Kent,26081,53.51172762,2009
Lake,26085,49.74026636,2009
Neosho,20133,73.22926781,2009
Norton,20137,74.06816579,2009
Phillips,20147,72.68117758,2009
Pratt,20151,75.44617575,2009
Republic,20157,74.39908156,2009
Okaloosa,12091,49.45433055,2009
Bleckley,13023,65.00697479,2009
Wayne,19185,74.05488187,2009
Webster,19187,74.49803155,2009
Anderson,20003,73.40779622,2009
Monroe,36055,51.9095969,2009
Putnam,36079,39.38193872,2009
Lenawee,26091,71.5319642,2009
Manistee,26101,53.58951196,2009
Knox,29103,72.6704807,2009
Marion,29127,66.92058778,2009
Anoka,27003,56.04752891,2009
Beltrami,27007,66.64325749,2009
Fillmore,27045,70.28912665,2009
Barber,20007,71.95225107,2009
Barton,20009,74.54931887,2009
Chase,20017,69.6672615,2009
Trumbull,39155,53.61789779,2009
Calcasieu,22019,65.43620845,2009
Cameron,22023,69.25787961,2009
Miller,29131,53.98642514,2009
Monroe,29137,67.72427144,2009
Mountrail,38061,70.56683209,2009
Toole,30101,73.83686718,2009
Yellowstone,30111,61.83277496,2009
Blaine,31009,71.01806885,2009
Shawnee,20177,62.80654424,2009
Sherman,20181,77.08994526,2009
Sumner,20191,75.52395907,2009
Trego,20195,73.73974457,2009
Atchison,29005,76.41027567,2009
Audrain,29007,73.63371522,2009
Barry,29009,58.23943342,2009
Jim Wells,48249,66.08695798,2009
Jones,48253,64.65115764,2009
La Salle,48283,55.61171864,2009
Live Oak,48297,58.46093504,2009
Lubbock,48303,69.01987505,2009
Matagorda,48321,64.52218159,2009
Miami,39109,68.00047919,2009
Muskingum,39119,51.94809107,2009
Portage,39133,52.22559089,2009
Richland,39139,59.49355738,2009
Ellis,40045,67.92835964,2009
Garvin,40049,63.71182673,2009
Miner,46097,78.86229972,2009
Haywood,47075,76.91466813,2009
McNairy,47109,56.0952941,2009
Forsyth,37067,39.66927303,2009
Hudson,34017,24.64982949,2009
Perry,28111,57.04990687,2009
Granville,37077,50.27861135,2009
Guilford,37081,42.7480905,2009
Moody,46101,78.10493683,2009
Perkins,46105,71.69892439,2009
Potter,46107,73.8720872,2009
Bristol,51520,29.74022849,2009
Pend Oreille,53051,44.38160966,2009
Skagit,53057,45.62858238,2009
Calhoun,54013,42.02164986,2009
Hampshire,54027,46.65558456,2009
Jefferson,54037,59.58002132,2009
Marshall,54051,44.79501882,2009
Ritchie,54085,43.56702286,2009
Chaves,35005,53.33128226,2009
Kenton,21117,43.35577348,2009
Lincoln,21137,62.45336287,2009
Orange,37135,47.02296266,2009
Bronx,36005,23.96366609,2009
Covington,51580,32.92209867,2009
Emporia,51595,41.90237057,2009
Galax,51640,36.0698187,2009
Taylor,55119,65.57261105,2009
Tinian,69120,,2009
Bayam√≥n,72021,,2009
Camuy,72027,,2009
Cata√±o,72033,,2009
Rowan,21205,43.97185121,2009
Lafayette,28071,52.12162952,2009
Lauderdale,28075,52.72169605,2009
Marion,28091,59.35770596,2009
Columbia,36021,52.89043529,2009
Niagara,36063,64.1505595,2009
Onondaga,36067,52.69112519,2009
Spencer,21215,58.1965306,2009
Todd,21219,65.82455098,2009
Adjuntas,72001,,2009
Johnston,40069,60.24063715,2009
Tillamook,41057,46.18095438,2009
Wheeler,41069,54.66056194,2009
Carroll,39019,53.76384434,2009
Coshocton,39031,54.08090935,2009
Darke,39037,73.36520203,2009
Trimble,21223,51.09445811,2009
Monroe,28095,66.67043662,2009
Quitman,28119,79.40239343,2009
Murray,40099,61.40174094,2009
Oklahoma,40109,44.64435338,2009
Todd,46121,71.05572643,2009
Madison,47113,59.87697612,2009
Overton,47133,51.32748572,2009
Union,47173,44.06921219,2009
Union,42119,51.9897898,2009
Warren,42123,45.84183708,2009
Chester,45023,49.15256202,2009
Smith,28129,57.4015885,2009
Person,37145,50.16232525,2009
Divide,38023,75.21170396,2009
Eddy,38027,76.62161295,2009
Golden Valley,38033,66.89154133,2009
Yankton,46135,73.94124937,2009
Lynchburg,51680,31.15574372,2009
Petersburg,51730,35.20973086,2009
Radford,51750,33.01782434,2009
Wirt,54105,44.53478337,2009
Laramie,56021,70.48388167,2009
Platte,56031,67.28954991,2009
Uinta,56041,53.94270388,2009
Coryell,48099,60.17178906,2009
Culberson,48109,51.91710447,2009
Dallas,48113,35.55699175,2009
Cherry,31031,71.56046547,2009
Clay,31035,76.51408214,2009
Colfax,31037,76.2598853,2009
Dakota,31043,72.63057792,2009
Barceloneta,72017,,2009
Barranquitas,72019,,2009
Washakie,56043,52.96273777,2009
Weston,56045,63.15525588,2009
Rose Island,60030,,2009
Northern Islands,69085,,2009
Beaver,42007,43.48566472,2009
McCulloch,48307,53.75225228,2009
Montague,48337,62.78810888,2009
Moore,48341,67.44703001,2009
Elko,32007,55.62031184,2009
Humboldt,32013,54.74154495,2009
Nye,32023,49.49540581,2009
Pontotoc,40123,58.69992726,2009
Pushmataha,40127,49.62319057,2009
Blair,42013,46.22074319,2009
Delaware,39041,59.81568398,2009
Fairfield,39045,62.45943949,2009
Holmes,39075,60.79521584,2009
Boyd,21019,41.20282964,2009
Carlisle,21039,67.7810696,2009
Bledsoe,47007,51.67390849,2009
Bradley,47011,51.13002511,2009
Warren,47177,60.05678394,2009
Brown,55009,64.37915112,2009
Dillon,45033,73.31466526,2009
Fairfield,45039,45.72105047,2009
Rock,27133,78.01695601,2009
Sibley,27143,76.10877305,2009
Swift,27151,78.34325809,2009
Waseca,27161,76.57116771,2009
Roanoke,51770,24.8909793,2009
Columbia,53013,64.0999595,2009
Washburn,55129,53.16302495,2009
Calumet,55015,62.1969077,2009
Dunn,55033,65.31442079,2009
Arecibo,72013,,2009
DeWitt,48123,66.88998069,2009
Donley,48129,60.50417811,2009
Edwards,48137,51.02396854,2009
Nueces,48355,67.68551582,2009
Dawes,31045,69.173742,2009
Lincoln,35027,52.20410481,2009
Rio Arriba,35039,48.06769861,2009
Socorro,35053,51.50964937,2009
Storey,32029,51.68648539,2009
Waukesha,55133,51.46266879,2009
Albany,56001,55.8413991,2009
Goshen,56015,70.93735114,2009
Arroyo,72015,,2009
Columbia,42037,52.06799763,2009
Elk,42047,43.34968109,2009
Panola,48365,60.88990722,2009
Runnels,48399,60.39189299,2009
Schleicher,48413,52.52559203,2009
Stonewall,48433,54.42396566,2009
Merrimack,33013,46.18168495,2009
Franklin,21073,53.0997031,2009
Green,21087,60.5258458,2009
Woods,40151,71.45687461,2009
Crook,41013,51.89815704,2009
Harney,41025,54.63291952,2009
Wayne,47181,49.25000874,2009
Bailey,48017,67.65600513,2009
Bastrop,48021,61.0653211,2009
Blanco,48031,49.4183757,2009
Lake,39085,36.97510745,2009
Licking,39089,58.99981699,2009
Mahoning,39099,49.25722431,2009
Henry,21103,61.10102392,2009
Chickasaw,28017,66.07368007,2009
Covington,28031,59.6031098,2009
Jasper,28061,56.78041153,2009
Clay,47027,46.02918541,2009
Grundy,47061,47.01397654,2009
Fond du Lac,55039,71.84862258,2009
Iowa,55049,65.01839717,2009
Monroe,55081,60.10376886,2009
Saluda,45081,52.93593092,2009
Bennett,46007,72.74065192,2009
Campbell,46021,71.15288341,2009
Jones,28067,58.76932842,2009
Albany,36001,46.86889227,2009
Garfield,53023,66.75307494,2009
Klickitat,53039,58.14527843,2009
Athens,39009,45.75542985,2009
Auglaize,39011,71.02634352,2009
Butler,39017,52.36692556,2009
Fannin,48147,66.62012133,2009
Fayette,48149,69.23216512,2009
Fisher,48151,60.93336468,2009
Floyd,48153,73.66458915,2009
Arlington,51013,22.88706895,2009
Mecklenburg,51117,49.31753653,2009
Powhatan,51145,49.84495865,2009
Rappahannock,51157,51.64844821,2009
Spotsylvania,51177,47.48203451,2009
Warren,51187,47.13132903,2009
Aguada,72003,,2009
Aguadilla,72005,,2009
Aguas Buenas,72007,,2009
Lycoming,42081,46.28485463,2009
Snyder,42109,53.69048452,2009
Tarrant,48439,36.23358168,2009
Williamson,48491,60.28413537,2009
Wise,48497,61.24814557,2009
Zapata,48505,52.30654574,2009
Polk,55095,60.07410917,2009
Price,55099,64.285457,2009
Shawano,55115,70.81970387,2009
Jackson,41029,46.12378923,2009
Polk,41053,59.17067069,2009
Briscoe,48045,61.347926,2009
Carson,48065,68.59657534,2009
Castro,48069,76.18525627,2009
Cochran,48079,64.62561762,2009
Collin,48085,54.12579244,2009
Jeff Davis,48243,50.34974146,2009
Coffee,13069,65.69706385,2009
Decatur,13087,60.55723241,2009
Lajas,72079,,2009
Lares,72081,,2009
Fountain,18045,70.32863496,2009
Putnam,18133,62.1615782,2009
Lincoln,5079,70.42504092,2009
Walker,13295,49.41717343,2009
Ware,13299,71.48898788,2009
Craig,51045,45.35955857,2009
Fluvanna,51065,48.44923354,2009
Lexington,51678,24.43164872,2009
Treasure,30103,59.33658487,2009
Gregg,48183,51.51000493,2009
Hale,48189,75.19127286,2009
Marion,5089,47.18465775,2009
Genesee,26049,53.21056511,2009
Coamo,72043,,2009
Culebra,72049,,2009
Hopewell,51670,29.92298269,2009
Norton,51720,34.61525666,2009
Poquoson,51735,50.81269057,2009
Portsmouth,51740,24.68962651,2009
Wahkiakum,53069,49.70224685,2009
Brooke,54009,43.29035053,2009
Clay,54015,41.37466481,2009
Mineral,8079,48.69857037,2009
Otero,8089,70.22937244,2009
Lyon,19119,77.81793208,2009
Crowley,8025,69.38455911,2009
El Paso,8041,61.31998744,2009
Dale,1045,58.1934941,2009
Pettis,29159,70.42640566,2009
Polk,29167,64.15555676,2009
Pulaski,29169,48.70000252,2009
Reynolds,29179,43.57277411,2009
Navajo,4017,51.03048746,2009
Crittenden,5035,76.12130743,2009
Monona,19133,74.39318979,2009
Scott,18143,58.70387284,2009
Ben Hill,13017,60.03058962,2009
Calhoun,13037,72.12001152,2009
Kewaunee,55061,75.95306237,2009
Portage,55097,67.16382395,2009
Lincoln,56023,51.19727555,2009
Niobrara,56027,67.99966677,2009
Douglas,13097,38.52798008,2009
Early,13099,67.86589149,2009
Lamoille,50015,46.97557438,2009
Vermillion,18165,65.83587735,2009
Perry,5105,49.80167045,2009
Jefferson,16051,63.94705234,2009
Kootenai,16055,44.57424941,2009
Lincoln,16063,64.7645861,2009
Newport News,51700,34.25170024,2009
Salem,51775,25.24535831,2009
Washington,50023,46.09010926,2009
Windham,50025,44.5383939,2009
Colonial Heights,51570,33.44238034,2009
Pope,5115,49.43806361,2009
Weld,8123,71.13392594,2009
Gu√°nica,72055,,2009
Guayama,72057,,2009
Richmond,51760,24.94553938,2009
Sangamon,17167,70.62771452,2009
Fairfax,51600,22.77954369,2009
Fredericksburg,51630,29.97568319,2009
Hampton,51650,31.97017219,2009
Macon,29121,67.20304133,2009
Litchfield,9005,45.24040022,2009
Sioux,19167,77.13609058,2009
Lawrence,1079,61.62589765,2009
Limestone,1083,63.32023948,2009
St. Francois,29187,49.75632027,2009
Scotland,29199,71.68483249,2009
Stone,29209,47.99420636,2009
Wayne,29223,46.3142974,2009
Maries,29125,57.62930921,2009
Montgomery,29139,63.72145354,2009
Oregon,29149,53.21233778,2009
Griggs,38039,77.89580191,2009
Doniphan,20043,71.23230678,2009
Warren,18171,72.10291216,2009
Chattahoochee,13053,46.95254911,2009
Chattooga,13055,50.0677659,2009
Sweetwater,56037,51.40154676,2009
Cleburne,1029,46.40725446,2009
Hughes,40063,56.84479214,2009
Kingfisher,40073,73.03141721,2009
LaMoure,38045,77.60360031,2009
McHenry,38049,76.18341796,2009
Green Lake,55047,71.93408376,2009
Allamakee,19005,63.21309877,2009
Saline,5125,46.28292123,2009
Payette,16075,69.76094274,2009
Adams,17001,68.02114589,2009
Bond,17005,69.48861958,2009
Suffolk,51800,65.29804235,2009
Adams,53001,70.8685232,2009
San Juan,53055,45.8480797,2009
Fulton,18049,73.55106928,2009
Villalba,72149,,2009
Yauco,72153,,2009
Washington,5143,53.51459737,2009
Collier,12021,78.6622535,2009
Guayanilla,72059,,2009
Gurabo,72063,,2009
Mills,19129,74.33807436,2009
Montgomery,20125,68.2292103,2009
Wyandotte,20209,40.72765315,2009
Arenac,26011,71.05592013,2009
Berrien,26021,61.30805872,2009
Holmes,12059,64.54095726,2009
Wabaunsee,20197,68.99860863,2009
Morgan,1103,56.67350626,2009
Perry,1105,59.31287973,2009
Webster,29225,60.84211228,2009
Wright,29229,59.5461935,2009
Carter,30011,66.23371432,2009
Custer,30017,66.55232703,2009
Fallon,30025,66.50089479,2009
Thomas,13275,62.34027412,2009
Towns,13281,42.71580657,2009
Troup,13285,45.42851288,2009
Boyle,21021,63.07410257,2009
Cayey,72035,,2009
Clarke,13059,40.73126642,2009
Cobb,13067,28.15346263,2009
Texas,40139,71.33281325,2009
Fall River,46047,68.47195137,2009
Grant,46051,76.05797281,2009
Skamania,53059,42.39251244,2009
Clark,18019,53.10459409,2009
Dearborn,18029,52.3555008,2009
Cidra,72041,,2009
San Francisco,6075,22.99963226,2009
Brown,17009,62.95214427,2009
Carroll,17015,69.73379353,2009
Champaign,17019,74.31910952,2009
Spokane,53063,58.32476802,2009
Hickman,21105,73.95920254,2009
Taney,29213,46.62994641,2009
Greene,5055,70.09972251,2009
Izard,5065,51.75084645,2009
Conejos,8021,56.30443241,2009
Isabela,72071,,2009
Juncos,72077,,2009
Garfield,31071,71.73038298,2009
Scotts Bluff,31157,71.63534358,2009
Golden Valley,30037,64.7420856,2009
Hill,30041,74.15792885,2009
Prairie,30079,69.25094245,2009
Cheboygan,26031,55.86854827,2009
Dickinson,26043,60.04897331,2009
Jackson,12063,64.65500064,2009
Palm Beach,12099,64.17936066,2009
Tallapoosa,1123,45.12390169,2009
Bristol Bay,2060,,2009
Christian,17021,75.56233624,2009
Edgar,17045,74.36119936,2009
Ford,17053,77.44204075,2009
Dubuque,19061,67.78907251,2009
Harrison,19085,74.24736175,2009
Buena Vista,19021,76.91451894,2009
Calhoun,19025,78.18367068,2009
Carroll,19027,77.23605148,2009
Cherokee,19035,76.91616117,2009
Clay,19041,77.32848725,2009
Dallas,19049,72.29622187,2009
Henry,17073,74.89166516,2009
Jackson,17077,60.98898138,2009
Atoka,40005,56.1021188,2009
Beckham,40009,63.30835795,2009
Choctaw,28019,53.60262178,2009
Red Lake,27125,79.36865997,2009
Boone,18011,72.17174604,2009
Clay,18021,64.8514954,2009
Decatur,18031,69.61635443,2009
Delaware,18035,67.29713334,2009
Elkhart,18039,64.36475819,2009
San Germ√°n,72125,,2009
San Lorenzo,72129,,2009
Pickens,13227,43.96184678,2009
Perry,17145,68.26415549,2009
Randolph,17157,65.05918633,2009
Clarke,28023,60.76877422,2009
Hardin,17069,50.52940445,2009
Jasper,17079,71.53094241,2009
Kendall,17093,68.4339111,2009
Campbell,21037,44.06632259,2009
Edmonson,21061,51.69252827,2009
Berkshire,25003,46.99566008,2009
Nantucket,25019,41.25809055,2009
San Sebasti√°n,72131,,2009
Santa Isabel,72133,,2009
McLean,17113,74.54305521,2009
Ellsworth,20053,71.20743972,2009
Ford,20057,75.68163411,2009
Graham,20065,74.17624614,2009
Greeley,20071,77.90924524,2009
Marion,20115,72.2921708,2009
Benton,27009,72.49495012,2009
Carlton,27017,67.19501156,2009
Clearwater,27029,65.52154936,2009
Cottonwood,27033,77.46485958,2009
Pike,13231,55.90773193,2009
Rockdale,13247,40.39908408,2009
Allegan,26005,64.02466436,2009
Antrim,26009,50.66008654,2009
Meade,20119,74.32831392,2009
Canadian,40017,68.33898959,2009
Carter,40019,59.90540254,2009
Amite,28005,54.79916195,2009
Benton,28009,54.72177319,2009
Calhoun,28013,61.76048936,2009
Greene,18055,58.91841668,2009
Hancock,18059,69.56670851,2009
Meade,21163,54.85271467,2009
Montgomery,21173,64.04435255,2009
Pendleton,21191,53.14468128,2009
Spalding,13255,51.00120853,2009
Stewart,13259,52.14344619,2009
Coal,40029,59.58625165,2009
Murray,27101,76.99975037,2009
Nobles,27105,77.24417512,2009
Otter Tail,27111,65.08788804,2009
Hendricks,18063,64.4286539,2009
Jay,18075,73.09806825,2009
Fulton,21075,71.88006488,2009
Fayette,39047,74.86160005,2009
Franklin,39049,39.16030248,2009
Gallia,39053,48.91744044,2009
Tazewell,17179,69.2432865,2009
Union,17181,58.71074803,2009
Winnebago,17201,61.62432815,2009
Macoupin,17117,69.02918486,2009
Marshall,17123,71.81049489,2009
Massac,17127,67.25249007,2009
Miami,20121,68.34781131,2009
Gallatin,21077,48.22778704,2009
Dakota,27037,59.40395135,2009
Archuleta,8007,46.4681821,2009
Baca,8009,71.35707795,2009
Garfield,8045,47.2562052,2009
Geneva,1061,66.60180533,2009
Lamar,1075,55.74327358,2009
Maricao,72093,,2009
Patillas,72109,,2009
Nemaha,20131,73.98368213,2009
Ness,20135,74.3831129,2009
Pawnee,20145,76.49377997,2009
Rawlins,20153,75.50428625,2009
Cotton,40033,70.99322271,2009
Freeborn,27047,75.58618532,2009
Hubbard,27057,53.0149161,2009
Corozal,72047,,2009
Hormigueros,72067,,2009
Davis,19051,70.07287696,2009
Delaware,19055,74.32291412,2009
Fayette,19065,73.77015765,2009
Grundy,19075,78.25734171,2009
Hamilton,19079,77.0133664,2009
St. John the Baptist,22095,48.551338,2009
West Baton Rouge,22121,74.01041216,2009
Johnson,13167,61.32240052,2009
Custer,40039,70.77970442,2009
Isabella,26073,69.86782324,2009
Jackson,26075,66.91008785,2009
Stevens,27149,76.86026491,2009
Morovis,72101,,2009
Jennings,18079,58.80401269,2009
Porter,18127,62.43174273,2009
Ripley,18137,60.23835629,2009
Russell,21207,52.04193119,2009
Shelby,21211,64.9000911,2009
Simpson,21213,71.17030752,2009
Trigg,21221,50.4483743,2009
Meriwether,13199,51.88334582,2009
Kane,17089,56.68041517,2009
Traverse,27155,77.13023356,2009
Wadena,27159,73.57247327,2009
Mercer,17131,73.2518105,2009
Steuben,18151,70.91530844,2009
Hancock,21091,51.91475053,2009
Hancock,39063,71.51217301,2009
Henry,39069,74.0364007,2009
Hocking,39073,45.14410036,2009
Jefferson,39081,47.6029767,2009
Bracken,21023,52.29619588,2009
Pe√±uelas,72111,,2009
Morgan,17137,72.27694614,2009
Pope,17151,52.75354986,2009
Saline,17165,66.72572239,2009
Reno,20155,72.03543073,2009
Lee,21129,42.92835754,2009
Lincoln,22061,53.92568916,2009
Nelson,38063,75.66753022,2009
Winston,1133,47.31943214,2009
Aleutians West,2016,,2009
Kenai Peninsula,2122,,2009
Kodiak Island,2150,,2009
North Slope,2185,,2009
Skagway,2230,,2009
Valdez-Cordova,2261,,2009
R√≠o Grande,72119,,2009
Kennebec,23011,48.68580527,2009
Rice,20159,74.94866031,2009
Rooks,20163,73.19092942,2009
Saline,20169,71.23823212,2009
Sedgwick,20173,64.45065294,2009
Kalkaska,26079,53.62175215,2009
Ransom,38073,77.70606243,2009
Slope,38087,69.58559309,2009
Naranjito,72105,,2009
Quebradillas,72115,,2009
Fannin,13111,42.81409325,2009
Forsyth,13117,38.32192729,2009
Baltimore,24510,23.17113031,2009
Morgan,13211,54.92076241,2009
Livingston,26093,59.8963926,2009
Mecosta,26107,60.9081515,2009
Missaukee,26113,62.59219226,2009
Montmorency,26119,55.0787655,2009
Vega Alta,72143,,2009
Switzerland,18155,52.91128611,2009
White,18181,74.67064732,2009
Adair,19001,76.67210663,2009
Gallatin,17059,72.07878543,2009
Grundy,17063,70.6149333,2009
Hamilton,17065,70.57288332,2009
Las Piedras,72085,,2009
Peach,13225,59.33817404,2009
Lee,17103,75.38114481,2009
Clay,28025,70.4486714,2009
George,28039,65.12020948,2009
Grenada,28043,55.54321189,2009
Scott,17171,71.35332014,2009
Appanoose,19007,66.84512781,2009
Bremer,19017,76.00899108,2009
McCracken,21145,59.12745153,2009
Luquillo,72089,,2009
Manat√≠,72091,,2009
McHenry,17111,62.32169891,2009
Ogle,17141,73.08784228,2009
Williamson,17199,55.54216612,2009
Adams,18001,73.20407277,2009
Bartholomew,18005,62.19995825,2009
Seward,20175,73.23595334,2009
Smith,20183,73.98243704,2009
McLean,21149,70.71353257,2009
Marshall,21157,54.93703322,2009
Franklin,5047,54.86146867,2009
St. Charles,22089,61.565884,2009
Grady,13131,67.13813657,2009
Jenkins,13165,69.93590609,2009
Coles,17029,71.13445888,2009
Chautauqua,20019,64.1646054,2009
Stevens,20189,75.46058286,2009
Wallace,20199,74.71826911,2009
Woodson,20207,70.43008084,2009
Newaygo,26123,57.11522731,2009
Oceana,26127,60.68460812,2009
Clermont,39025,50.46649862,2009
Columbiana,39029,54.71234339,2009
Defiance,39039,71.54780952,2009
Harris,13145,46.36049572,2009
Irwin,13155,71.0166929,2009
Coffey,20031,69.70496044,2009
Comanche,20033,72.16497177,2009
Crawford,20037,72.13110594,2009
Ellis,20051,72.73493636,2009
Alfalfa,40003,72.77125952,2009
Becker,27005,61.10919649,2009
Pine,27115,66.19216417,2009
Pope,27121,73.0159925,2009
Garland,5051,40.85002793,2009
Polk,5113,48.10713543,2009
St. Francis,5123,75.77472675,2009
Solano,6095,64.24524339,2009
Sutter,6101,75.88764973,2009
Alamosa,8003,59.69466699,2009
La Crosse,55063,54.07191118,2009
Rock,55105,69.88604197,2009
Carbon,56007,51.76477363,2009
Ripley,29181,51.80492352,2009
Sullivan,29211,69.29087989,2009
Johnson,31097,72.16235741,2009
Barton,29011,73.78496778,2009
Do√±a Ana,35013,51.49443957,2009
Richmond,36085,31.86836592,2009
Franklin,29071,53.83207059,2009
Laclede,29105,57.14026693,2009
Clay,17025,71.02441208,2009
Franklin,17055,65.49408163,2009
Benton,19011,76.2509605,2009
Chickasaw,19037,76.9224831,2009
Iowa,19095,75.56748436,2009
Mahaska,19123,74.36475158,2009
Guernsey,39059,50.52570968,2009
Richland,55103,58.86658261,2009
Sawyer,55113,54.32936311,2009
Walworth,55127,66.82552437,2009
Brooks,48047,65.45457271,2009
Chowan,37041,69.38787419,2009
Franklin,37069,53.5044523,2009
Clark,39023,64.63243742,2009
Seneca,39147,71.56333243,2009
Major,40093,70.04082497,2009
Cheyenne,31033,75.86426984,2009
Logan,39091,68.04290583,2009
Morrow,39117,67.10104358,2009
Kalawao,15005,,2009
Cameron,48061,67.06428975,2009
Cherokee,48073,60.20609242,2009
Coke,48081,51.80129802,2009
Collingsworth,48087,60.07898246,2009
Concho,48095,55.70124556,2009
Cottle,48101,55.34613493,2009
Dallam,48111,72.49529571,2009
Deaf Smith,48117,72.71181685,2009
Haskell,40061,59.13880411,2009
Kay,40071,71.34166565,2009
Dixon,31051,73.38183772,2009
Merrick,31121,76.33850177,2009
Monroe,13207,46.5948305,2009
Gasconade,29073,53.78143762,2009
Livingston,29117,72.42311504,2009
Aibonito,72009,,2009
Lincoln,47103,60.92013606,2009
Marion,47115,44.74854704,2009
McKean,42083,44.81067384,2009
Mifflin,42087,49.52652856,2009
Montour,42093,57.75497909,2009
Pulaski,13235,69.68649432,2009
Jersey,17083,64.04402869,2009
Logan,17107,76.88411879,2009
Glades,12043,72.22155196,2009
Clayton,13063,31.43756558,2009
Rockland,36087,30.94031838,2009
Steuben,36101,54.18490498,2009
Waupaca,55135,69.58233219,2009
McDonald,29119,54.52835721,2009
Mississippi,29133,76.47759574,2009
Pierce,38069,73.03657013,2009
Charlotte,12015,66.4767716,2009
Indian River,12061,66.12314424,2009
Broward,12011,71.20300188,2009
Upson,13293,49.20105594,2009
Waushara,55137,67.87081407,2009
Wood,55141,69.13138292,2009
Campbell,56005,55.84789909,2009
Denton,48121,53.72335426,2009
Gates,37073,67.89983644,2009
Iredell,37097,50.76073954,2009
Sioux,31165,69.65773477,2009
Lincoln,32017,51.3489161,2009
Sandoval,35043,49.6844395,2009
Jackson,39079,50.20801572,2009
Minnehaha,46099,72.67639324,2009
Polk,47139,45.84155173,2009
Rinc√≥n,72117,,2009
Garza,48169,55.06684284,2009
Gray,48179,68.54267756,2009
Hancock,28045,64.73629219,2009
Lincoln,40081,59.90259445,2009
Love,40085,59.59809281,2009
Mayes,40097,61.13495258,2009
Monroe,17133,66.02506926,2009
Wayne,17191,73.61434938,2009
Carroll,18015,72.51364402,2009
Phelps,29161,50.54810677,2009
Shannon,29203,45.95351185,2009
Daniels,30019,75.46860911,2009
Wheatland,30107,67.84928287,2009
Jackson,28059,64.95716237,2009
Tompkins,36109,53.87660273,2009
Schuylkill,42107,45.650286,2009
Venango,42121,44.86149458,2009
Bristol,44001,34.38969054,2009
Richland,45079,50.26043711,2009
Crawford,39033,71.32002009,2009
Carver,27019,66.92209741,2009
Grant,27051,74.31074218,2009
DeKalb,13089,27.15931203,2009
Hart,13147,53.14144911,2009
Alamance,37001,49.62586205,2009
Converse,56009,56.28246806,2009
Pemiscot,29155,76.51982929,2009
Pike,29163,65.36338576,2009
Clinch,13065,66.05493393,2009
Evans,13109,65.28273901,2009
Queens,36081,24.02189017,2009
Lyon,32019,52.30283043,2009
Hillsborough,33011,44.12346373,2009
Menominee,55078,61.11007162,2009
Johnson,56019,54.5282631,2009
Garfield,40047,72.84157843,2009
Lenoir,37107,67.70081792,2009
Vance,37181,47.65374353,2009
Yates,36123,55.89905843,2009
Stokes,37169,48.61557792,2009
Burke,38013,75.16634329,2009
Floyd,18043,47.8910467,2009
Oconto,55083,67.94730509,2009
Outagamie,55087,71.76753667,2009
Carbon,42025,42.65530854,2009
Crawford,42039,54.68064556,2009
Forest,42053,43.1942676,2009
Nowata,40105,68.52313515,2009
Okfuskee,40107,58.37411858,2009
Okmulgee,40111,60.352801,2009
St. Joseph,18141,60.4042772,2009
Vigo,18167,60.29002957,2009
Newton,29145,62.28923248,2009
Unicoi,47171,42.29073543,2009
Henderson,47077,56.61078556,2009
Jefferson Davis,28065,55.44673645,2009
Cole,29051,57.0612606,2009
Kent,44003,39.97118845,2009
Abbeville,45001,49.87309164,2009
Ralls,29173,65.95489716,2009
Banner,31007,72.82362481,2009
Hall,31079,74.25701389,2009
Houston,47083,47.0048439,2009
Sullivan,33019,45.23737014,2009
Bernalillo,35001,45.68383445,2009
Avery,37011,42.30371523,2009
Cabarrus,37025,48.3780539,2009
Ste. Genevieve,29186,52.31343973,2009
Warren,29219,54.19444597,2009
Macon,13193,64.10418795,2009
Quitman,13239,50.19908127,2009
Tift,13277,67.04534203,2009
Pepin,55091,61.51309129,2009
Pierce,55093,63.78227848,2009
Grady,40051,66.6618395,2009
Harmon,40057,60.78245403,2009
Warren,37185,49.84033357,2009
Washington,37187,71.11881708,2009
Mercer,38057,68.10888819,2009
Ashland,39005,63.39680493,2009
Champaign,39021,71.55968444,2009
Van Buren,47175,48.22987108,2009
Atascosa,48013,61.85614647,2009
Bandera,48019,47.0159251,2009
Lackawanna,42069,43.46541721,2009
Luzerne,42079,42.38019345,2009
Ottawa,40115,65.35288731,2009
Payne,40119,59.86530109,2009
Prince of Wales-Hyder,2198,,2009
Dorchester,24019,72.93809107,2009
Calhoun,26025,68.2302495,2009
Grand,8049,48.76786221,2009
Logan,8075,73.26509682,2009
Lincoln,28085,53.28906776,2009
Pontotoc,28115,61.14979781,2009
Jackson,47087,45.5623424,2009
Lewis,47101,47.57156566,2009
Bowman,38011,71.45114922,2009
Dickey,38021,76.8962057,2009
Addison,50001,56.06054549,2009
Butte,46019,70.16602583,2009
Clay,46027,77.03242974,2009
Haskell,48207,67.35075099,2009
Hemphill,48211,67.29777569,2009
Hancock,54029,40.64005544,2009
Jackson,54035,45.25592435,2009
Dooly,13093,70.68432035,2009
Laurens,13175,61.20389877,2009
Richardson,31147,74.67773582,2009
Dodge,55027,74.14129697,2009
Cannon,47015,54.99579948,2009
Chester,47023,57.35784886,2009
Huron,39077,69.30439112,2009
Lapeer,26087,67.34060205,2009
Faribault,27043,78.04201966,2009
Furnas,31065,74.75916967,2009
Vilas,55125,54.00910937,2009
Denali,2068,,2009
Curry,35009,65.11966737,2009
Eddy,35015,52.02167306,2009
Guadalupe,35019,52.407025,2009
Douglas,55031,59.34580309,2009
Eau Claire,55035,62.80607129,2009
Sarpy,31153,59.75496367,2009
Washington,31177,73.82477487,2009
Hamilton,31081,77.17703236,2009
Hayes,31085,73.86480316,2009
Howard,31093,73.12733963,2009
Jefferson,31095,73.09539874,2009
Hidalgo,35023,54.01216377,2009
Lea,35025,53.68304556,2009
Medina,48325,53.64267855,2009
Midland,48329,51.70261986,2009
Nolan,48353,54.82763114,2009
Ochiltree,48357,74.04670652,2009
Obion,47131,71.09091296,2009
Pickett,47137,46.80251239,2009
Jefferson,55055,71.37345125,2009
Kenosha,55059,60.91909544,2009
Lafayette,55065,73.59993901,2009
Hill,48217,68.43413854,2009
Hunt,48231,64.17530449,2009
Jim Hogg,48247,63.24892162,2009
Oldham,48359,56.0897196,2009
Palo Pinto,48363,56.91198476,2009
Ada,16001,60.97464865,2009
Cumberland,17035,69.64439656,2009
Kemper,28069,58.20034367,2009
Grand Isle,50013,36.42100893,2009
Scott,51169,47.57612999,2009
Stewart,47161,44.53670835,2009
Trousdale,47169,58.69494564,2009
Marion,54049,43.31149304,2009
Mason,54053,47.38677765,2009
Lamar,28073,56.41509215,2009
Lawrence,28077,58.11752908,2009
Leake,28079,59.67887424,2009
Otero,35035,49.82747103,2009
Quay,35037,54.19127067,2009
Buena Vista,51530,34.76624776,2009
Chesapeake,51550,67.83192363,2009
Harrison,29081,70.38151319,2009
Johnson,29101,69.25364617,2009
Dickson,47043,50.49264168,2009
Fayette,47047,66.57020789,2009
Hardeman,47069,59.3540316,2009
San Miguel,35047,50.24697099,2009
Surry,37171,50.62767487,2009
Taos,35055,47.86729836,2009
Union,35059,61.67201587,2009
Allegany,36003,50.06162221,2009
Parker,48367,60.55668754,2009
Randall,48381,68.48596715,2009
Roberts,48393,63.47988843,2009
San Jacinto,48407,50.59758962,2009
Lawrence,29109,69.23829141,2009
Lewis,29111,69.35752664,2009
Pittsburg,40121,52.47265825,2009
Burt,31021,76.90855415,2009
Holt,31089,73.38944746,2009
Lancaster,31109,67.8015677,2009
Madison,31119,75.03235643,2009
Morrill,31123,72.49020458,2009
Nuckolls,31129,74.27388301,2009
Scurry,48415,57.47556806,2009
Shackelford,48417,57.33313357,2009
Somervell,48425,57.13752116,2009
Sutton,48435,51.46856684,2009
Giles,51071,45.16066365,2009
Washita,40149,72.8854944,2009
Barnwell,45011,59.8054997,2009
Emmons,38029,72.22289315,2009
Chippewa,55017,65.3904707,2009
Johnson,48251,62.24388034,2009
Karnes,48255,65.17669923,2009
Goochland,51075,49.42144086,2009
Montgomery,28097,56.03647145,2009
Neshoba,28099,60.33241012,2009
Edgefield,45037,48.82052581,2009
Musselshell,30065,62.52268937,2009
Yamhill,41071,58.77961569,2009
Bedford,42009,48.91588804,2009
Mercer,54055,42.82875609,2009
Ohio,54069,43.85268206,2009
Panola,28107,62.15969122,2009
Prentiss,28117,58.22045159,2009
Cortland,36023,54.41924742,2009
Franklin,36033,51.35905219,2009
Stillwater,30095,62.21213497,2009
Wayne,37191,67.51616513,2009
Day,46037,66.27329395,2009
Douglas,46043,78.97121854,2009
Hanson,46061,77.66563766,2009
Harding,46063,69.49304425,2009
Hutchinson,46067,77.79515324,2009
Wallowa,41063,54.61059698,2009
Lehigh,42077,47.60889303,2009
Austin,48015,72.90840011,2009
Genesee,36037,70.53061308,2009
Schuyler,36097,53.08035886,2009
Edgecombe,37065,69.36154747,2009
Swisher,48437,74.41896634,2009
Taylor,48441,53.83846329,2009
Terry,48445,71.20953307,2009
Upton,48461,52.76646814,2009
Yadkin,37197,56.22582471,2009
Woodward,40153,68.79419158,2009
Kearney,31099,77.46040024,2009
Nemaha,31127,75.15280874,2009
Phelps,31137,77.39636921,2009
Sheridan,31161,71.20133207,2009
Stanton,31167,75.05623144,2009
Thurston,31173,74.48219737,2009
Webster,31181,73.42133567,2009
Wichita,48485,65.59755516,2009
Henry,51089,45.50285215,2009
Columbia,41009,49.85894286,2009
Aurora,46003,78.68311612,2009
Beadle,46005,78.55049675,2009
Brown,46013,76.86210915,2009
Columbia,55021,70.22368623,2009
Dane,55025,64.32443452,2009
Kaufman,48257,67.99004308,2009
Kerr,48265,47.86085952,2009
Kinney,48271,51.77344636,2009
Scott,28123,59.99649229,2009
Sunflower,28133,76.33382495,2009
Wayne,28153,56.64849528,2009
Crawford,29055,49.25998142,2009
Dade,29057,67.12256888,2009
Brule,46015,75.35142083,2009
Boyd,31015,70.59957482,2009
Berks,42011,53.23486439,2009
Butler,42019,48.74050687,2009
Jerauld,46073,76.10881567,2009
Kingsbury,46077,74.72993338,2009
Upshur,54097,45.3364473,2009
Webster,54101,41.5570379,2009
Lincoln,37109,51.06595189,2009
Onslow,37133,58.99038189,2009
Pitt,37147,67.2717201,2009
Randolph,37151,49.37144803,2009
Rockingham,37157,48.81467179,2009
Brown,31017,70.97692904,2009
Burleigh,38015,70.81364242,2009
Lawrence,46081,48.13952146,2009
Turner,46125,78.28702484,2009
Polk,31143,76.97734244,2009
Jefferson,28063,51.24761966,2009
Walthall,28147,61.11176878,2009
Mercer,29129,68.40939654,2009
Willacy,48489,72.6723551,2009
Sanpete,49039,50.97996941,2009
Washington,49053,50.22231303,2009
Dunn,38025,65.0931834,2009
Coos,41011,48.05053449,2009
McIntosh,40091,53.04372886,2009
Wibaux,30109,67.61335744,2009
Adams,31001,75.55092268,2009
Wheeler,31183,73.64838958,2009
Esmeralda,32009,45.37760128,2009
Mineral,32021,46.85195176,2009
Pershing,32027,52.59169879,2009
Catron,35003,47.35600698,2009
Lamb,48279,72.00906405,2009
Mathews,51115,61.28024916,2009
Nelson,51125,46.18015421,2009
Orange,51137,54.88042227,2009
Prince George,51149,51.97036326,2009
Rockingham,51165,53.08806433,2009
Daviess,29061,70.63106491,2009
Dent,29065,51.21898322,2009
Washington,41067,51.76373841,2009
Antelope,31003,75.80464708,2009
Boone,31011,75.88597482,2009
Hardeman,48197,59.31752783,2009
Liberty,48291,71.27041478,2009
Lipscomb,48295,69.62473675,2009
Lynn,48305,73.74865096,2009
McLennan,48309,65.6894406,2009
Douglas,29067,54.50706009,2009
Greene,29077,58.83282641,2009
Wilson,37195,66.87684908,2009
Bottineau,38009,76.49274813,2009
Miller,13201,73.79329415,2009
Effingham,17049,67.75148877,2009
Johnson,17087,58.37021169,2009
Marion,17121,65.62832951,2009
Winneshiek,19191,72.01680436,2009
Clay,20027,72.08938916,2009
Geary,20061,63.59443574,2009
Ottawa,20143,72.84988111,2009
Sheridan,20179,75.75150487,2009
Oakland,26125,38.66052063,2009
Pennington,27113,78.36498896,2009
Aitkin,27001,67.17988023,2009
St. Johns,12109,55.61469149,2009
Banks,13011,51.27065223,2009
Wilson,48493,66.52240499,2009
Alexandria,51510,23.27459044,2009
Manassas,51683,24.90154968,2009
Green,55045,72.83634038,2009
Can√≥vanas,72029,,2009
Dorado,72051,,2009
Chisago,27025,65.75475598,2009
Houston,27055,61.74189842,2009
Sheridan,30091,73.56891974,2009
Arthur,31005,71.46585846,2009
Cedar,31027,75.13928254,2009
Custer,31041,72.25107231,2009
Westmoreland,51193,56.84016604,2009
Rockwall,48397,50.99061246,2009
Wheeler,48483,64.71256838,2009
Orleans,50019,53.19866755,2009
Macon,17115,70.86660834,2009
Owen,18119,53.41212744,2009
Adams,38001,74.70324448,2009
Milwaukee,55079,30.45057446,2009
Roberts,46109,74.25030149,2009
Franklin,47051,52.47323126,2009
Franklin,51620,47.32595699,2009
Norfolk,51710,23.27600909,2009
Waynesboro,51820,35.61046898,2009
Mower,27099,76.99423963,2009
Madison,5087,51.47689219,2009
Marion,13197,54.12695331,2009
Jefferson,18077,56.4876882,2009
Crawford,19047,76.94220257,2009
Sheridan,38083,72.19547712,2009
Greene,39057,62.21533426,2009
Preble,39135,69.53175315,2009
Williams,39171,73.60901127,2009
Crawford,5033,51.60270218,2009
Lee,5077,77.09960886,2009
Harrison,28047,55.79891239,2009
Benton,29015,53.45981987,2009
Story,19169,74.32674224,2009
Cowley,20035,69.48297424,2009
Hodgeman,20083,74.38238872,2009
Linn,20107,68.12247791,2009
Madison,19121,71.58878419,2009
Mille Lacs,27095,59.70041286,2009
Moniteau,29135,66.9224058,2009
Texas,29215,55.03758069,2009
Dawson,30021,70.11703832,2009
Cooke,48097,62.46986382,2009
Brunswick,51025,49.9843236,2009
Steele,27147,75.5277078,2009
Colquitt,13071,67.33791979,2009
Seminole,13253,66.61592099,2009
McPherson,20113,74.10786696,2009
Ingham,26065,66.81205753,2009
Caldwell,29025,71.62786033,2009
Nance,31125,74.15194698,2009
Russell,20167,71.02075865,2009
Emmet,26047,54.83816504,2009
Logan,31113,72.33987298,2009
Hamilton,36041,45.10035429,2009
Adams,55001,58.37936553,2009
Grant,40053,75.59253676,2009
Cameron,42023,42.54865919,2009
Tioga,42117,50.12257782,2009
Alcorn,28003,58.38668111,2009
Coahoma,28027,76.85101199,2009
Itawamba,28057,57.58013423,2009
Callahan,48059,55.49314865,2009
Duval,48131,55.87861885,2009
Dodge,31053,75.06607699,2009
Gage,31067,73.96080499,2009
Midland,26111,69.99401786,2009
Osceola,26133,61.44157127,2009
Washtenaw,26161,60.32828957,2009
Greene,28041,60.06601688,2009
Cibola,35006,48.75126941,2009
Foster,38031,78.07799757,2009
Washington,55131,65.56946517,2009
Bon Homme,46009,74.96336738,2009
Deuel,46039,75.56408347,2009
Erath,48143,59.25352129,2009
Gillespie,48171,50.46359364,2009
Kendall,48259,47.99673088,2009
Clay,13061,53.72312302,2009
Putnam,54079,42.58673579,2009
Clark,55019,67.00086631,2009
Jackson,55053,60.3385524,2009
Cheshire,33005,45.99747544,2009
Union,34039,26.0348962,2009
Walworth,46129,71.41380554,2009
Macon,47111,54.9484577,2009
Chambers,48071,75.55210359,2009
Dawson,48115,71.76354371,2009
Hamilton,48193,59.47180416,2009
Hutchinson,48233,60.04594744,2009
Gem,16045,62.52296184,2009
Summers,54089,44.19925656,2009
Lafayette,29107,71.71195507,2009
Chase,31029,74.97124074,2009
Keith,31101,71.56790215,2009
Hot Springs,56017,53.27524601,2009
Chambers,1017,50.41281525,2009
Bell,48027,60.09591638,2009
Gonzales,48177,66.05340112,2009
Jack,48237,62.79895447,2009
Lavaca,48285,68.6942207,2009
Parmer,48369,75.98985658,2009
Craighead,5031,73.66058259,2009
Adair,29001,66.11057894,2009
Carter,29035,44.39469486,2009
DeKalb,29063,72.50294295,2009
Jerome,16053,72.26342869,2009
Teton,16081,61.15427707,2009
Nottoway,51135,51.4364258,2009
Monongalia,54061,43.38172987,2009
Pulaski,21199,52.53197278,2009
Cumberland,23005,43.04060755,2009
Dukes,25007,41.21144184,2009
Alger,26003,56.29163322,2009
Clinton,26037,71.63692949,2009
Howell,29091,57.59003989,2009
Lampasas,48281,51.39042955,2009
Potter,48375,54.05626014,2009
Stephens,48429,55.45830565,2009
Saunders,31155,75.15083663,2009
Carson City,32510,44.84718972,2009
Los Alamos,35028,47.33125002,2009
Broome,36007,47.85912802,2009
Cambria,42021,45.00045801,2009
Lawrence,42073,53.20659162,2009
Lebanon,42075,55.72209633,2009
Potter,42105,45.50186973,2009
Hancock,17067,70.56187575,2009
Randolph,18135,74.21043813,2009
Guthrie,19077,73.71648949,2009
Morris,20127,69.88700637,2009
Marquette,55077,69.70332364,2009
Winnebago,55139,56.15067073,2009
Natrona,56025,52.66502397,2009
Oktibbeha,28105,63.2215701,2009
Grundy,29079,72.54741225,2009
Roger Mills,40129,66.92106455,2009
Adams,42001,59.54503751,2009
Stephens,13257,45.33359376,2009
Bonner,16017,42.01384526,2009
Iroquois,17075,77.04786805,2009
Hot Spring,5059,49.25118244,2009
Clay,12019,48.69951482,2009
Iron,29093,44.4770654,2009
Cuming,31039,77.42240361,2009
Franklin,31061,73.82050626,2009
Lewis,36049,55.28269192,2009
Cimarron,40025,68.93375414,2009
San Juan,49037,50.11908548,2009
Vernon,55123,58.50885854,2009
A√±asco,72011,,2009
LaPorte,18091,68.91181251,2009
Eaton,26045,70.00943615,2009
Ionia,26067,70.23559004,2009
Luce,26095,67.27698567,2009
Madison,29123,47.32719505,2009
Osage,29151,57.11806328,2009
Orleans,36073,71.2840242,2009
Pickaway,39129,72.11055516,2009
Mercer,42085,53.4611174,2009
Spink,46115,78.90267475,2009
Wyoming,36121,62.57047488,2009
Cleveland,37045,53.96136479,2009
Tuscola,26157,71.63579621,2009
Brookings,46011,75.45591318,2009
Wilbarger,48487,66.85778204,2009
Yoakum,48501,63.58852425,2009
Chittenden,50007,44.56353552,2009
Rockbridge,51163,49.6419873,2009
Comanche,48093,59.71194363,2009
King,48269,52.39503304,2009
Menard,48327,51.89601538,2009
Throckmorton,48447,64.29477429,2009
Sevier,49041,48.00657161,2009
Charlottesville,51540,23.64344165,2009
Fulton,42057,49.57183265,2009
Jackson,46071,67.65129437,2009
Gregory,46053,68.45135642,2009
Hyde,46069,74.62742236,2009
McPherson,46089,73.14487307,2009
Casey,21045,53.08434898,2009
Houghton,26061,50.32203521,2009
Staunton,51790,41.98128421,2009
Barron,55005,62.87669239,2009
Langlade,55067,60.76193349,2009
Moca,72099,,2009
Dade,13083,46.5662899,2009
Putnam,17155,65.54041062,2009
Wayne,18177,67.07893115,2009
Cedar,19031,75.31818198,2009
Kossuth,19109,78.59313467,2009
Lee,1081,47.7003661,2009
Pima,4019,51.31225937,2009
Cerro Gordo,19033,74.94865695,2009
Humboldt,19091,78.24565265,2009
Wapello,19179,67.33979632,2009
Wright,19197,78.14267299,2009
Decatur,20039,75.41419864,2009
Martin,12085,60.812999,2009
Rensselaer,36083,48.94937192,2009
Polk,19153,59.07979181,2009
Warren,19181,70.40112809,2009
Brown,20013,75.1300373,2009
Hood,48221,59.18306038,2009
Mitchell,48335,56.43309134,2009
Sherman,48421,74.57763244,2009
Bibb,1007,49.96079887,2009
Santa Cruz,4023,51.42189827,2009
Rio Blanco,8103,47.61821815,2009
Pleasants,54073,41.59808274,2009
Clinton,21053,53.54912612,2009
Cumberland,21057,47.30139187,2009
Cumberland,51049,52.23987693,2009
Smyth,51173,49.77561337,2009
Winona,27169,61.31736324,2009
Pike,28113,56.81114899,2009
Tishomingo,28141,50.95176389,2009
Marshall,20117,72.94071192,2009
Wilson,20205,71.03916574,2009
Calloway,21035,59.4123435,2009
Graves,21083,67.57997324,2009
Mason,21161,62.05888122,2009
Montgomery,39113,48.26838078,2009
Sandusky,39143,70.93995403,2009
Logan,40083,63.57928433,2009
Jessamine,21113,62.89302635,2009
Monroe,21171,58.36100052,2009
Stephens,40137,63.36482875,2009
Gooding,16047,64.35850183,2009
Douglas,17041,76.41307426,2009
Kankakee,17091,72.56665934,2009
Dimmit,48127,54.20152298,2009
Falls,48145,74.88552313,2009
Frio,48163,58.63175149,2009
Hansford,48195,73.57117064,2009
Limestone,48293,69.05478974,2009
Caguas,72025,,2009
Tolland,9013,45.82453886,2009
Bacon,13005,67.41915013,2009
Hood River,41027,44.24298684,2009
Lake,41037,52.0537548,2009
Caddo,40015,68.3053483,2009
Harper,40059,71.15192954,2009
Noble,40103,69.01282076,2009
Florida,72054,,2009
Humacao,72069,,2009
Poinsett,5111,77.61318867,2009
Guaynabo,72061,,2009
Jayuya,72073,,2009
Glascock,13125,54.85995313,2009
Lumpkin,13187,43.24695989,2009
Dickinson,20041,72.4545195,2009
Osage,20139,68.97078561,2009
Rush,20165,75.30611353,2009
Thomas,20193,77.77515845,2009
Kimball,31105,74.73831149,2009
Van Buren,5141,47.56056451,2009
Kiowa,8061,74.31186148,2009
Morgan,8087,72.51651793,2009
Sedgwick,8115,76.01332943,2009
Carroll,33003,42.95979271,2009
Ontario,36069,60.1655591,2009
Danville,51590,32.5735974,2009
Virginia Beach,51810,46.42086215,2009
Pawnee,31133,71.10554346,2009
Sherman,31163,72.23329666,2009
Douglas,32005,49.89278369,2009
Shelby,17173,71.40237682,2009
Cass,26027,67.01342523,2009
Kalamazoo,26077,58.51511141,2009
Ogemaw,26129,59.04543002,2009
Saginaw,26145,67.9954776,2009
LaSalle,17099,72.00727193,2009
St. Clair,17163,62.67043503,2009
Real,48385,47.9807641,2009
Wythe,51197,54.9119461,2009
Brown,18013,42.78387798,2009
Hamilton,18057,58.27145531,2009
Washington,40147,65.01914401,2009
Milam,48331,70.49873589,2009
Uvalde,48463,53.45855351,2009
Davis,49011,32.99685629,2009
Lo√≠za,72087,,2009
Sussex,34037,48.64765349,2009
Santa Fe,35049,50.30894038,2009
Cass,38017,76.82447726,2009
Plymouth,19149,76.5986643,2009
Atchison,20005,72.00996585,2009
Lincoln,41041,46.28902273,2009
Carroll,21041,49.4548002,2009
Naguabo,72103,,2009
Hendry,12051,79.27877777,2009
Paulding,13223,42.94268799,2009
Las Mar√≠as,72083,,2009
Maunabo,72095,,2009
Stutsman,38093,73.80853138,2009
Adams,39001,53.16600723,2009
Grant,21081,53.65860974,2009
Scioto,39145,46.61868586,2009
Leelanau,26089,51.38558528,2009
Montcalm,26117,68.94952578,2009
Fayette,17051,68.40196304,2009
Livingston,17105,76.69832362,2009
Wexford,26165,51.89366239,2009
Douglas,27041,65.51337382,2009
Wake,37183,40.33626614,2009
Lawrence,47099,58.32708353,2009
Foard,48155,57.76430588,2009
Watauga,37189,43.60126609,2009
St. Thomas,78030,,2009
St. Lucie,12111,63.03153963,2009
Bethel,2050,,2009
Marathon,55073,65.06390587,2009
Lake,18089,53.21024001,2009
Wabash,18169,68.7866512,2009
Butler,19023,77.36096636,2009
Greene,19073,77.54377225,2009
Le Sueur,27079,71.61288219,2009
White,17193,72.45133067,2009
Ohio,18115,54.4033127,2009
Comer√≠o,72045,,2009
Vega Baja,72145,,2009
Harvey,20079,73.94388994,2009
Jewell,20089,73.02411332,2009
Umatilla,41059,63.40382456,2009
Jefferson,42065,49.2414662,2009
Charleston,45019,61.44467643,2009
Buffalo,46017,71.02880115,2009
Piute,49031,48.40558214,2009
Northampton,51131,50.53345104,2009
Harrisonburg,51660,30.61150519,2009
Winchester,51840,26.61551744,2009
Montgomery,36057,62.62603854,2009
Tioga,36107,52.55547623,2009
Osborne,20141,73.4560192,2009
Scott,20171,77.88433276,2009
Washington,20201,72.52820021,2009
Belmont,39013,51.09535171,2009
Jefferson,21111,33.29099845,2009
Metcalfe,21169,57.2971287,2009
Sabana Grande,72121,,2009
Trujillo Alto,72139,,2009
Montgomery,17135,71.14571155,2009
Orocovis,72107,,2009
Toa Baja,72137,,2009
Kent,48263,52.75613549,2009
Clinton,39027,70.37030601,2009
Geauga,39055,49.19773519,2009
Greenlee,4011,47.59850808,2009
San Diego,6073,47.98960589,2009
Clay,29047,58.3744466,2009
Gentry,29075,72.15260608,2009
Linn,29115,72.97240602,2009
Louisa,19115,72.54863066,2009
Franklin,18047,57.45811164,2009
Martin,18101,48.94524116,2009
Tippecanoe,18157,67.18054016,2009
Adams,19003,75.91436576,2009
Franklin,28037,47.86761794,2009
Kings,6031,75.1676059,2009
Yuma,8125,73.63628502,2009
Moffat,8081,50.84134025,2009
Elbert,8039,70.32590238,2009
Franklin,1059,52.42946571,2009
Alcona,26001,55.95286631,2009
Ringgold,19159,74.10210909,2009
Bourbon,20011,70.18204113,2009
Elk,20049,67.45826387,2009
Kiowa,20097,73.36045189,2009
Lee,28081,61.1497173,2009
Sharkey,28125,82.06200794,2009
Posey,18129,70.39558826,2009
Des Moines,19057,66.35278132,2009
Bingham,16011,62.56729905,2009
Hardin,39065,74.1488129,2009
Oglala Lakota,46102,64.60545221,2009
Hardin,47071,54.39496878,2009
Armstrong,48011,63.55820547,2009
Asotin,53003,62.56017021,2009
Taylor,54091,46.8734823,2009
Gaston,37071,43.26029553,2009
Logan,38047,69.8162327,2009
Renville,38075,77.71462257,2009
Meigs,39105,47.29084931,2009
Summit,39153,33.89454313,2009
Robertson,21201,54.54876089,2009
Warren,21227,61.08390496,2009
Johnson,5071,49.00962813,2009
Searcy,5129,50.61437355,2009
Cheyenne,8017,74.13096887,2009
Marion,1093,50.71946039,2009
Lake,47095,71.05388824,2009
Sequatchie,47153,46.17984807,2009
Sheboygan,55117,69.16876011,2009
Rogers,40131,60.95312435,2009
Crow Wing,27035,55.01442242,2009
Wabasha,27157,66.12209219,2009
Montgomery,47125,52.45776519,2009
Washington,47179,55.42089744,2009
Whiteside,17195,73.34396492,2009
Crawford,18025,47.4672021,2009
Sharp,5135,50.36776306,2009
Walker,1127,47.8948017,2009
St. Croix,55109,66.31990101,2009
Belknap,33001,41.03999485,2009
Custer,46033,60.4149921,2009
Knox,48275,62.70346658,2009
McKinley,35031,49.89990454,2009
Simpson,28127,55.9727268,2009
Christian,29043,56.58652275,2009
Brown,48049,53.09994673,2009
Clay,48077,68.02161302,2009
Andrew,29003,70.87367625,2009
Morgan,29141,53.92053202,2009
Manitowoc,55071,72.97257173,2009
Racine,55101,61.83065255,2009
Hampden,25013,42.00879652,2009
Iosco,26069,57.88496852,2009
Fremont,19071,75.40598961,2009
Barren,21009,64.81761099,2009
Franklin,48159,70.17245839,2009
Hays,48209,47.75090202,2009
Llano,48299,49.45831241,2009
Caledonia,50005,50.11839831,2009
Dutchess,36027,47.4232599,2009
Schoharie,36095,52.55356642,2009
Ray,29177,68.90526448,2009
Rock,31149,72.5246011,2009
Volusia,12127,54.19856636,2009
Middlesex,25017,39.35976851,2009
Sully,46119,73.60953803,2009
Columbia,5027,51.97552356,2009
Otoe,31131,74.99317929,2009
Cayuga,36011,62.09383795,2009
Windham,9015,50.4447179,2009
Lafayette,12067,69.14117981,2009
Christian,21047,62.03635323,2009
Lyon,21143,44.84152733,2009
Appomattox,51011,51.61039534,2009
Preston,54077,47.18615544,2009
Alleghany,37005,52.57829391,2009
Catawba,37035,48.20537633,2009
Schuyler,17169,64.22402493,2009
Warrick,18173,59.82914636,2009
Brown,39015,62.33755763,2009
Highland,39071,65.21815382,2009
Madison,39097,74.99109055,2009
Carroll,13045,49.6373577,2009
Jeff Davis,13161,63.00652304,2009
Creek,40037,52.78619489,2009
Roseau,27135,82.545577,2009
Clark,17023,67.50977383,2009
Todd,27153,70.61250523,2009
Chemung,36015,48.62186306,2009
Durham,37063,39.96637973,2009
Perquimans,37143,72.32093423,2009
Oldham,21185,52.70784628,2009
Assumption,22007,77.84560463,2009
Cherokee,40021,51.0146857,2009
Corson,46031,70.54548835,2009
Decatur,47039,51.33277128,2009
Hancock,47067,48.70760946,2009
Madison,16065,66.45053953,2009
Bureau,17011,74.46115867,2009
Carroll,28015,56.56676327,2009
Marshall,28093,59.31621645,2009
Juana D√≠az,72075,,2009
Salinas,72123,,2009
Carroll,47017,59.60909484,2009
Sussex,51183,58.35606236,2009
Burnett,55013,56.35352025,2009
Forest,55041,60.18274068,2009